-- phpMyAdmin SQL Dump
-- version 4.7.7
-- https://www.phpmyadmin.net/
--
-- Host: localhost
-- Generation Time: Oct 12, 2018 at 03:23 PM
-- Server version: 10.1.31-MariaDB
-- PHP Version: 7.0.26

SET SQL_MODE = "NO_AUTO_VALUE_ON_ZERO";
SET AUTOCOMMIT = 0;
START TRANSACTION;
SET time_zone = "+00:00";


/*!40101 SET @OLD_CHARACTER_SET_CLIENT=@@CHARACTER_SET_CLIENT */;
/*!40101 SET @OLD_CHARACTER_SET_RESULTS=@@CHARACTER_SET_RESULTS */;
/*!40101 SET @OLD_COLLATION_CONNECTION=@@COLLATION_CONNECTION */;
/*!40101 SET NAMES utf8mb4 */;

--
-- Database: `id6261771_e_lending`
--

-- --------------------------------------------------------

--
-- Table structure for table `atm_banks`
--

CREATE TABLE `atm_banks` (
  `atm_id` int(11) NOT NULL,
  `name` varchar(45) NOT NULL,
  `branch` varchar(200) NOT NULL,
  `remarks` varchar(200) NOT NULL,
  `encoded` datetime NOT NULL DEFAULT CURRENT_TIMESTAMP,
  `removed` int(1) NOT NULL
) ENGINE=InnoDB DEFAULT CHARSET=latin1;

--
-- Dumping data for table `atm_banks`
--

INSERT INTO `atm_banks` (`atm_id`, `name`, `branch`, `remarks`, `encoded`, `removed`) VALUES
(101, 'No ATM Bank', 'n/a', '', '2018-04-08 22:31:20', 0),
(102, 'Security Bank', 'Lanang, Claveria. Ecoland', '', '2018-04-08 22:32:26', 0),
(103, 'Land bank of the Philippines', 'Lanang, Bajada, Matina', 'Government Owned', '2018-04-08 22:51:29', 0),
(104, 'Union Bank of the Philippines', 'Victoria, ADDU Jacinto, Bankerohan', '', '2018-05-23 22:19:31', 0),
(105, 'Philippine National Bank', 'ADDU Jacinto, San Pedro, Agdao, Victoria, Lanang, NCCC Uyanguren', '', '2018-05-23 22:23:39', 0),
(106, 'CTBC Bank', 'Bancnet ATM Machines', 'Provided by a manpower agency', '2018-07-01 08:40:52', 0);

-- --------------------------------------------------------

--
-- Table structure for table `capital`
--

CREATE TABLE `capital` (
  `capital_id` int(11) NOT NULL,
  `date` varchar(20) NOT NULL,
  `amount` decimal(10,2) NOT NULL,
  `total` decimal(10,2) NOT NULL,
  `remarks` varchar(200) NOT NULL,
  `encoded` datetime NOT NULL DEFAULT CURRENT_TIMESTAMP
) ENGINE=InnoDB DEFAULT CHARSET=latin1;

--
-- Dumping data for table `capital`
--

INSERT INTO `capital` (`capital_id`, `date`, `amount`, `total`, `remarks`, `encoded`) VALUES
(10001, '2018-04-15', 23360.00, 23360.00, 'Initial total capital amount upon application creation', '2018-04-15 03:00:46'),
(10002, '2018-05-29', 3700.00, 27060.00, 'Additonal capital from ATI salary withdrawal', '2018-05-29 21:40:04'),
(10003, '2018-06-03', 2940.00, 30000.00, 'Additional capital to close 30,000 total mark', '2018-06-03 22:17:01'),
(10004, '2018-06-09', 5000.00, 35000.00, 'Additional capital to address demand of increasing clients.', '2018-06-09 21:57:35'),
(10005, '2018-06-14', 5000.00, 40000.00, 'Additional capital to address demand / close 40,000 mark', '2018-06-14 23:52:31'),
(10006, '2018-06-20', 5000.00, 45000.00, 'NOTE! Edit to 4k only. Additional capital to compensate clients loan demands', '2018-06-20 09:40:18'),
(10007, '2018-07-10', 5000.00, 50000.00, 'Additional capital to close 50,000 total mark', '2018-07-10 13:08:43');

-- --------------------------------------------------------

--
-- Table structure for table `clients`
--

CREATE TABLE `clients` (
  `client_id` int(11) NOT NULL,
  `comp_id` int(11) NOT NULL,
  `atm_id` int(11) NOT NULL,
  `atm_type` varchar(45) NOT NULL COMMENT 'savings, checking, cash-card',
  `lname` varchar(45) NOT NULL,
  `fname` varchar(45) NOT NULL,
  `contact` varchar(45) NOT NULL,
  `pin` varchar(20) NOT NULL,
  `sex` varchar(20) NOT NULL,
  `job` varchar(45) NOT NULL,
  `salary` decimal(10,2) NOT NULL,
  `address` varchar(200) NOT NULL,
  `remarks` varchar(200) NOT NULL,
  `pic1` varchar(45) NOT NULL,
  `pic2` varchar(45) NOT NULL,
  `pic3` varchar(45) NOT NULL,
  `encoded` datetime NOT NULL DEFAULT CURRENT_TIMESTAMP,
  `removed` int(1) NOT NULL
) ENGINE=InnoDB DEFAULT CHARSET=latin1;

--
-- Dumping data for table `clients`
--

INSERT INTO `clients` (`client_id`, `comp_id`, `atm_id`, `atm_type`, `lname`, `fname`, `contact`, `pin`, `sex`, `job`, `salary`, `address`, `remarks`, `pic1`, `pic2`, `pic3`, `encoded`, `removed`) VALUES
(10001, 105, 103, 'Savings', 'ISRAEL', 'LADY GRACE', 'N/A', '0000', 'Female', 'Data Encoder', 8500.00, 'Bangkal, Davao City', 'Unknown ATM pin, DENR contract finished', '10001.jpg', '', '', '2018-04-08 23:00:46', 0),
(10002, 105, 103, 'Savings', 'N/A', 'ZANDRO', 'n/a', '0000', 'Male', 'Data Encoder', 8500.00, 'n/a', 'Unknown Last name, ATM pin, DENR contract finished', '', '', '', '2018-04-08 23:22:14', 0),
(10003, 104, 102, 'Savings', 'ALDERITE', 'ROSE ANN', '+639506619197', '0000', 'Female', 'Associate', 17000.00, 'Mandug / Calinan, Davao City', '', '10003.jpg', '', '', '2018-04-09 02:57:21', 0),
(10004, 104, 102, 'Savings', 'ZABATE', 'KAREN JANE', '+639198677806', '2330', 'Female', 'Associate', 17000.00, 'Central Park Bangkal, Davao City', '', '10004.jpg', '', '', '2018-04-09 16:44:58', 0),
(10005, 103, 104, 'Savings', 'ABDULLAH', 'FARHANA BINT', 'n/a', '040501', 'Female', 'Associate', 15000.00, 'Jacinto Blvd, Davao City', 'No ATM card surrendered, unknown card type and pin, ', '10005.jpg', '10005.jpg', '', '2018-04-09 16:56:42', 0),
(10006, 104, 102, 'Savings', 'ANGELES', 'RUBY', '+639321356019', '0000', 'Female', 'Associate', 17000.00, 'Brgy. 37 Bucana Trading Blvd, Davao City', 'Currently not connected to VXI', '', '', '', '2018-04-09 18:05:50', 0),
(10007, 104, 102, 'Savings', 'ABUNDA', 'ERIKA ANNE', '+639567134705', '0331', 'Female', 'Associate', 17000.00, 'Buhangin, Davao City', '', '10007.jpg', '', '', '2018-04-09 18:21:50', 0),
(10008, 104, 102, 'Savings', 'GESTA', 'JOEY MICHAEL', 'n/a', '2468', 'Male', 'Associate', 17000.00, 'n/a', 'No ATM surrendered, unknown basic details.', '', '10008.jpg', '', '2018-04-09 18:29:56', 0),
(10009, 103, 104, 'Savings', 'BAYANI', 'ESNEYRA', 'n/a', '682488', 'Female', 'Associate', 16000.00, 'Jacinto Piapi Blvd, Davao City', 'No ATM card surrendered', '10009.jpg', '10009.jpg', '', '2018-04-09 18:37:37', 0),
(10010, 104, 102, 'Savings', 'CABANG', 'REYSEL', '+639777674728', '2471', 'Female', 'Associate', 17000.00, 'NHA Bangkal, Davao City', '', '', '', '', '2018-04-09 18:44:46', 0),
(10011, 104, 102, 'Savings', 'CABANG', 'RUSSEL', '+639339235027', '0726', 'Male', 'Associate', 17000.00, 'NHA Bangkal, Davao City', 'Son of Reysel \'Mami Reysel\' Cabang', '10011.jpg', '', '', '2018-04-09 18:51:04', 0),
(10012, 101, 101, 'Savings', 'TORRES', 'JESSA MAE', 'n/a', '0000', 'Female', 'n/a', 0.00, 'n/a', 'Owner\'s sister', '', '', '', '2018-04-16 18:13:06', 0),
(10013, 104, 102, 'Savings', 'BIWANG', 'JUHAIRY', '+639479367787', '1120', 'Female', 'Associate', 17000.00, 'Bankahan St. Brgt Gravahan, New Matina, Davao City', 'New customer referred by Brox.', '10013.jpg', '10013.jpg', '', '2018-04-20 01:09:33', 0),
(10014, 104, 102, 'Savings', 'DIENDO', 'SHERLYN', 'n/a', '0000', 'Female', 'Associate', 17000.00, 'n/a', 'Friend of Brox. No complete details and ATM surrendered', '', '', '', '2018-05-14 01:43:20', 0),
(10015, 101, 105, 'Cash Card', 'CHAVEZ', 'JOMAR', 'n/a', '0863', 'Male', 'n/a', 0.00, 'n/a', 'ATM source is thru pension. Close friend of Alshameer', '', '10015.jpg', '', '2018-05-23 22:27:14', 0),
(10016, 103, 104, 'Savings', 'PRESENTE', 'JAYRRAH PRAISE A.', '09076147056', '048498', 'Female', 'Associate', 16000.00, 'Deca Mulig Toril or Emily homes, Cabantian, Davao City', 'Referred by Esneyra Bayani. Workmate in IBEX with same account', '10016.jpg', '10016.jpg', '', '2018-05-29 12:03:38', 0),
(10017, 103, 104, 'Savings', 'PADILLA', 'SHAHANA ROSE', '09462554998', '042893', 'Female', 'Associate', 16000.00, 'Park Naraa, Visayan Village, Tagum City', 'FB name: Pepatz Da Padi. Friend and workmate of Farhanna Bint Abdulla.', '10017.jpg', '10017.jpg', '', '2018-06-09 21:44:24', 0),
(10018, 103, 104, 'Savings', 'GABORNO', 'JESSA MAE', '09480834811', '006810', 'Female', 'Associate', 16000.00, 'Sto Nino Makilala North Cotabato\r\n', 'Boarder of Yanny, Friend and referred by Bint', '10018.jpg', '10018.jpg', '', '2018-06-14 22:31:45', 0),
(10019, 103, 104, 'Savings', 'CLARKSON', 'JESSICA', '09219346064 / 09105804525', '170295', 'Female', 'Associate', 16000.00, 'Blk 13-B Do?a Mercedes Street San Miguel Village Panacan Davao City.', 'Friend of Bint \'Pie\' and Jessa Gaborno', '10019.jpg', '10019.jpg', '', '2018-06-14 22:34:20', 0),
(10020, 101, 101, 'Savings', 'CAYANONG', 'GENEFLOR', '09176072194', '0000', 'Female', 'No Job', 0.00, 'Arguelles Subd., Panabo City', 'No ATM surrendered, vouched by Brox', '', '', '', '2018-06-26 09:51:14', 0),
(10021, 106, 106, 'Savings', 'CABANG', 'ROSEY ANDREA', '09059274544', '7706', 'Female', 'Sales Lady', 9000.00, 'Blk 1 Lot 21 Rambutan St. Phase 2. NHA Bangkal Davao City', 'Daughter of Reysel Cabang', '10021.jpg', '10021.jpg', '', '2018-07-01 08:32:23', 0),
(10022, 103, 104, 'Savings', 'CARIM', 'MARY JASMIN', '09568548116', '070893', 'Female', 'Associate', 16000.00, 'Isulan, Sultan Kudarat', 'friend of the IBEX group jessa, jessica, bint, sha', '10022.jpg', '10022.jpg', '', '2018-07-10 02:21:38', 0),
(10023, 107, 102, 'Savings', 'TORRES', 'MARJORIE ANN', '09077478745', '1014', 'Female', 'Associate', 16000.00, 'Morning Side Heights, Bajada, Davao City', 'Friend of Farhana Bint Abdullah from their past company', '10023.jpg', '10023.jpg', '', '2018-09-10 02:09:38', 0),
(10024, 103, 104, 'Savings', 'SISON', 'BERNARD IAN', '09053281416', '123184', 'Male', 'Associate', 16000.00, 'Macabebe St. Dona Asuncion VIllage, Sasa, Davao City', 'Friend and workmate of Esneyra Bayani', '10024.jpg', '10024.jpg', '10024.jpg', '2018-09-11 02:50:36', 0),
(10025, 103, 104, 'Savings', 'OCZON', 'JORELH TRAYA', '09451027630', '754717', 'Male', 'Associate', 16000.00, 'Door 2 Celi St. Belisario Del Pilar ext. R. Castillo, Davao City', 'Friend of Jessa and Shahana', '10025.jpg', '10025.jpg', '', '2018-09-11 08:00:13', 0),
(10026, 104, 101, 'Savings', 'VALENTIN', 'MEEKA', '09458169408', '0000', 'Female', 'Associate', 16000.00, 'Gravahan, Matina', 'Friend of Brox', '', '', '', '2018-09-21 07:11:00', 0),
(10027, 104, 102, 'Savings', 'LOPEZ', 'FEJIE', 'n/a', '1403', 'Male', 'Associate', 16000.00, 'n/a', 'Friend of Brox', '', '', '', '2018-09-23 05:41:24', 0),
(10028, 107, 102, 'Savings', 'NULUD', 'JAN PATRICK', '09655387414', '0128', 'Male', 'Associate', 17000.00, 'Brgy 7-A Arellano St. Davao City', 'Partner of Yanny\'s friend', '', '', '', '2018-10-08 06:54:34', 0);

-- --------------------------------------------------------

--
-- Table structure for table `companies`
--

CREATE TABLE `companies` (
  `comp_id` int(11) NOT NULL,
  `name` varchar(45) NOT NULL,
  `address` varchar(200) NOT NULL,
  `remarks` varchar(200) NOT NULL,
  `encoded` datetime NOT NULL DEFAULT CURRENT_TIMESTAMP,
  `removed` int(1) NOT NULL
) ENGINE=InnoDB DEFAULT CHARSET=latin1;

--
-- Dumping data for table `companies`
--

INSERT INTO `companies` (`comp_id`, `name`, `address`, `remarks`, `encoded`, `removed`) VALUES
(101, 'No Company', 'n/a', '', '2018-04-08 22:40:32', 0),
(102, 'Sutherland Global Services Inc.', 'Quirino, Davao City', 'BPO Company', '2018-04-08 22:41:30', 0),
(103, 'IBEX Global', 'SM Lanang Premiere, Davao City', 'BPO Company', '2018-04-08 22:43:29', 0),
(104, 'VXI Global Solutions, LLC - SM Ecoland', 'SM Ecoland, Davao City', 'BPO Company', '2018-04-08 22:44:29', 0),
(105, 'DENR LMS XI', 'Bangkal, Davao City', 'Government Agency', '2018-04-08 22:50:10', 0),
(106, 'Fubu - SM City Davao', 'SM Ecoland, Davao City', 'Apparel Store', '2018-07-01 08:37:21', 0),
(107, 'VXI Global Solutions, LLC - Felcris Centrale', 'Felcris Centrale', 'BPO Company', '2018-09-10 02:10:13', 0);

-- --------------------------------------------------------

--
-- Table structure for table `loans`
--

CREATE TABLE `loans` (
  `loan_id` int(11) NOT NULL,
  `client_id` int(11) NOT NULL,
  `amount` decimal(10,2) NOT NULL,
  `interest` decimal(10,2) NOT NULL,
  `total` decimal(10,2) NOT NULL,
  `status` int(11) NOT NULL COMMENT '1-New, 2-Ongoing, 3-Cleared',
  `date_start` varchar(20) NOT NULL,
  `date_end` varchar(20) NOT NULL,
  `paid` decimal(10,2) NOT NULL,
  `balance` decimal(10,2) NOT NULL,
  `remarks` varchar(400) NOT NULL,
  `encoded` datetime NOT NULL DEFAULT CURRENT_TIMESTAMP
) ENGINE=InnoDB DEFAULT CHARSET=latin1;

--
-- Dumping data for table `loans`
--

INSERT INTO `loans` (`loan_id`, `client_id`, `amount`, `interest`, `total`, `status`, `date_start`, `date_end`, `paid`, `balance`, `remarks`, `encoded`) VALUES
(10001, 10001, 5000.00, 250.00, 5250.00, 3, '2017-09-28', '2017-11-27', 6000.00, 0.00, '1st lending transaction', '2018-04-09 01:19:07'),
(10002, 10001, 5000.00, 250.00, 5250.00, 3, '2017-12-08', '2018-01-06', 5250.00, 0.00, '121', '2018-04-09 01:27:15'),
(10003, 10002, 2500.00, 125.00, 2625.00, 3, '2017-10-27', '2017-11-24', 2625.00, 0.00, '', '2018-04-09 02:22:06'),
(10004, 10003, 2000.00, 140.00, 2140.00, 3, '2017-11-14', '2017-11-17', 2140.00, 0.00, '', '2018-04-09 02:58:10'),
(10005, 10003, 2000.00, 140.00, 2140.00, 3, '2017-11-21', '2017-11-30', 4140.00, 0.00, '', '2018-04-09 02:59:46'),
(10006, 10003, 3000.00, 210.00, 3210.00, 3, '2017-12-15', '2017-12-29', 5350.00, 0.00, '', '2018-04-09 03:02:34'),
(10007, 10003, 5000.00, 350.00, 5350.00, 3, '2018-02-15', '2018-03-08', 5350.00, 0.00, '', '2018-04-09 03:06:52'),
(10008, 10003, 7000.00, 490.00, 7490.00, 3, '2018-03-08', '2018-03-22', 7490.00, 0.00, '', '2018-04-09 03:09:22'),
(10009, 10003, 10000.00, 700.00, 10700.00, 3, '2018-03-22', '2018-05-17', 13650.00, 0.00, '', '2018-04-09 03:11:11'),
(10010, 10004, 3000.00, 210.00, 3210.00, 3, '2017-11-17', '2017-11-08', 3210.00, 0.00, '', '2018-04-09 16:45:26'),
(10011, 10004, 5000.00, 350.00, 5350.00, 3, '2017-12-23', '2018-01-25', 5470.00, 0.00, '', '2018-04-09 16:47:45'),
(10012, 10004, 5000.00, 350.00, 5350.00, 3, '2018-01-31', '2018-02-22', 5350.00, 0.00, '', '2018-04-09 16:50:59'),
(10013, 10004, 10000.00, 700.00, 10700.00, 3, '2018-02-28', '2018-04-19', 11050.00, 0.00, '', '2018-04-09 16:52:58'),
(10014, 10005, 2000.00, 140.00, 2140.00, 3, '2017-12-04', '2018-01-04', 2140.00, 0.00, '', '2018-04-09 16:59:05'),
(10015, 10005, 3000.00, 210.00, 3210.00, 3, '2018-01-21', '2018-02-20', 3210.00, 0.00, '', '2018-04-09 17:05:21'),
(10016, 10005, 3000.00, 210.00, 3210.00, 3, '2018-03-04', '2018-03-28', 3210.00, 0.00, '', '2018-04-09 17:14:01'),
(10017, 10005, 5000.00, 350.00, 5350.00, 3, '2018-03-28', '2018-05-11', 5720.00, 0.00, '', '2018-04-09 17:16:09'),
(10018, 10006, 5000.00, 350.00, 5350.00, 3, '2017-12-23', '2018-01-25', 5530.00, 0.00, '', '2018-04-09 18:06:15'),
(10019, 10007, 3000.00, 210.00, 3210.00, 3, '2018-02-01', '2018-02-23', 3210.00, 0.00, '', '2018-04-09 18:23:52'),
(10020, 10008, 2000.00, 140.00, 2140.00, 3, '2018-02-20', '2018-03-09', 2140.00, 0.00, '', '2018-04-09 18:30:48'),
(10021, 10008, 1000.00, 70.00, 1070.00, 3, '2018-03-13', '2018-03-22', 1070.00, 0.00, '', '2018-04-09 18:33:04'),
(10022, 10009, 2000.00, 140.00, 2140.00, 3, '2018-02-26', '2018-03-23', 2140.00, 0.00, '', '2018-04-09 18:38:07'),
(10023, 10009, 5000.00, 350.00, 5350.00, 3, '2018-03-23', '2018-05-10', 5410.00, 0.00, '', '2018-04-09 18:40:40'),
(10024, 10010, 5000.00, 350.00, 5350.00, 3, '2018-03-03', '2018-04-12', 5500.00, 0.00, '', '2018-04-09 18:45:10'),
(10025, 10011, 5000.00, 350.00, 5350.00, 3, '2018-03-13', '2018-03-28', 5350.00, 0.00, '', '2018-04-09 18:51:44'),
(10026, 10010, 5000.00, 350.00, 5350.00, 3, '2018-04-12', '2018-05-12', 5350.00, 0.00, '', '2018-04-12 22:18:17'),
(10027, 10012, 1000.00, 0.00, 1000.00, 3, '2018-04-16', '2018-04-28', 1100.00, 0.00, 'No interest since family member', '2018-04-16 18:27:31'),
(10028, 10009, 1000.00, 70.00, 1070.00, 3, '2018-04-20', '2018-05-10', 1070.00, 0.00, 'Additional loan posted as new transaction. last balance is 2850 so 3850 all in all.', '2018-04-20 00:46:40'),
(10029, 10013, 5000.00, 350.00, 5350.00, 3, '2018-04-19', '2018-04-26', 5350.00, 0.00, '1st loan. Meet up at  BDO SM Eco Annex', '2018-04-20 01:10:44'),
(10030, 10004, 10000.00, 700.00, 10700.00, 3, '2018-04-26', '2018-06-06', 11050.00, 0.00, '', '2018-04-27 01:33:58'),
(10031, 10013, 10000.00, 700.00, 10700.00, 3, '2018-04-26', '2018-05-31', 11130.00, 0.00, 'New loan after payment of last loan 5350. added 4650 to come up with 10,000', '2018-04-27 01:40:09'),
(10032, 10005, 5000.00, 350.00, 5350.00, 3, '2018-05-11', '2018-06-08', 5350.00, 0.00, 'ATM is to be followed', '2018-05-11 23:24:11'),
(10033, 10007, 2000.00, 140.00, 2140.00, 3, '2018-05-12', '2018-05-31', 2140.00, 0.00, 'New loan after a long time', '2018-05-12 10:21:53'),
(10034, 10014, 2000.00, 140.00, 2140.00, 3, '2018-05-12', '2018-05-18', 2140.00, 0.00, 'No ATM surrendered. Co-make by brox', '2018-05-14 01:46:21'),
(10035, 10009, 3000.00, 210.00, 3210.00, 3, '2018-05-16', '2018-05-25', 3210.00, 0.00, '', '2018-05-16 21:53:56'),
(10036, 10003, 10000.00, 700.00, 10700.00, 3, '2018-05-17', '2018-06-06', 11500.00, 0.00, 'loan after full payment of last loan 5350', '2018-05-17 21:09:02'),
(10037, 10015, 2500.00, 175.00, 2675.00, 3, '2018-05-23', '2018-06-05', 2675.00, 0.00, 'Payment source is thru pension via PNB ATM card', '2018-05-23 23:21:16'),
(10038, 10008, 2000.00, 140.00, 2140.00, 3, '2018-05-25', '2018-06-14', 2140.00, 0.00, 'New trans after a long time', '2018-05-25 22:06:16'),
(10039, 10016, 8000.00, 560.00, 8560.00, 3, '2018-05-29', '2018-06-25', 8560.00, 0.00, 'According to her, for her mother\'s hospital finances', '2018-05-29 21:10:12'),
(10040, 10013, 15000.00, 1050.00, 16050.00, 3, '2018-05-31', '2018-07-17', 16600.00, 0.00, 'New loan right away after last loan paid', '2018-05-31 23:03:12'),
(10041, 10004, 15000.00, 1050.00, 16050.00, 3, '2018-06-06', '2018-07-26', 16580.00, 0.00, 'New loan right after full payment of the previous', '2018-06-06 22:08:06'),
(10042, 10017, 5000.00, 350.00, 5350.00, 3, '2018-06-09', '2018-06-25', 5350.00, 0.00, 'money was sent by Bint', '2018-06-09 21:53:24'),
(10043, 10005, 5000.00, 350.00, 5350.00, 3, '2018-06-11', '2018-07-10', 5350.00, 0.00, '', '2018-06-12 19:28:04'),
(10044, 10018, 5000.00, 350.00, 5350.00, 3, '2018-06-14', '2018-06-25', 5350.00, 0.00, '', '2018-06-14 23:14:57'),
(10045, 10019, 4000.00, 280.00, 4280.00, 3, '2018-06-14', '2018-07-10', 4280.00, 0.00, '', '2018-06-14 23:15:36'),
(10046, 10009, 3000.00, 210.00, 3210.00, 3, '2018-06-14', '2018-06-25', 3210.00, 0.00, '', '2018-06-14 23:17:03'),
(10047, 10008, 3000.00, 210.00, 3210.00, 3, '2018-06-20', '2018-07-13', 3210.00, 0.00, '', '2018-06-20 09:35:41'),
(10048, 10007, 2000.00, 140.00, 2140.00, 3, '2018-06-22', '2018-07-30', 2140.00, 0.00, 'Initial 2k of 6k loan to be completed on June 25', '2018-06-22 02:10:37'),
(10049, 10018, 5000.00, 350.00, 5350.00, 3, '2018-06-25', '2018-07-25', 5350.00, 0.00, '', '2018-06-25 04:32:40'),
(10050, 10017, 5000.00, 350.00, 5350.00, 3, '2018-06-25', '2018-07-10', 5350.00, 0.00, '', '2018-06-25 04:39:47'),
(10051, 10016, 5000.00, 350.00, 5350.00, 3, '2018-06-25', '2018-07-10', 5350.00, 0.00, '', '2018-06-25 14:41:36'),
(10052, 10007, 4000.00, 280.00, 4280.00, 3, '2018-06-25', '2018-08-15', 4560.00, 0.00, '', '2018-06-25 14:47:48'),
(10053, 10020, 5000.00, 350.00, 5350.00, 3, '2018-06-26', '2018-07-17', 5350.00, 0.00, 'Custom due date July 15, 2018', '2018-06-26 09:55:22'),
(10054, 10021, 5000.00, 350.00, 5350.00, 2, '2018-06-29', 'n/a', 4250.00, 1260.00, '', '2018-07-01 08:49:23'),
(10055, 10009, 5000.00, 350.00, 5350.00, 3, '2018-07-04', '2018-08-10', 12010.00, 0.00, 'She will skip July 10 payment', '2018-07-04 04:07:35'),
(10056, 10019, 5000.00, 350.00, 5350.00, 3, '2018-07-10', '2018-08-10', 5350.00, 0.00, '', '2018-07-10 01:53:18'),
(10057, 10017, 5000.00, 350.00, 5350.00, 3, '2018-07-10', '2018-08-10', 6250.00, 0.00, '', '2018-07-10 01:59:06'),
(10058, 10022, 5000.00, 350.00, 5350.00, 3, '2018-07-10', '2018-07-25', 5350.00, 0.00, '', '2018-07-10 02:38:04'),
(10059, 10004, 15000.00, 2100.00, 17100.00, 3, '2018-07-13', '2018-08-23', 17100.00, 0.00, 'Special loan arrangement. Due date is before August 29', '2018-07-13 01:11:45'),
(10060, 10008, 5000.00, 350.00, 5350.00, 3, '2018-07-15', '2018-09-06', 5700.00, 0.00, '', '2018-07-15 17:58:35'),
(10061, 10013, 15000.00, 1050.00, 16050.00, 3, '2018-07-17', '2018-08-16', 16600.00, 0.00, '', '2018-07-17 13:57:35'),
(10062, 10003, 5000.00, 350.00, 5350.00, 3, '2018-07-20', '2018-08-10', 5350.00, 0.00, 'New loan after hiatus', '2018-07-20 01:26:22'),
(10063, 10018, 5000.00, 350.00, 5350.00, 3, '2018-07-25', '2018-08-10', 5350.00, 0.00, 'Renewed loan', '2018-07-25 02:10:48'),
(10064, 10022, 5000.00, 350.00, 5350.00, 3, '2018-07-25', '2018-08-10', 5350.00, 0.00, 'Renewed loan', '2018-07-25 02:16:02'),
(10065, 10005, 7000.00, 490.00, 7490.00, 3, '2018-07-26', '2018-08-12', 10700.00, 0.00, '', '2018-07-26 13:38:26'),
(10066, 10018, 5000.00, 350.00, 5350.00, 3, '2018-08-10', '2018-08-24', 5350.00, 0.00, '', '2018-08-10 01:55:09'),
(10067, 10019, 5000.00, 350.00, 5350.00, 3, '2018-08-10', '2018-09-10', 5350.00, 0.00, '', '2018-08-10 01:58:12'),
(10068, 10022, 5000.00, 350.00, 5350.00, 3, '2018-08-10', '2018-08-24', 5350.00, 0.00, '', '2018-08-10 01:59:50'),
(10069, 10009, 5000.00, 350.00, 5350.00, 3, '2018-08-10', '2018-09-10', 5350.00, 0.00, '', '2018-08-10 02:02:23'),
(10070, 10017, 5000.00, 350.00, 5350.00, 3, '2018-08-10', '2018-09-10', 5350.00, 0.00, '', '2018-08-10 03:22:21'),
(10071, 10003, 5000.00, 350.00, 5350.00, 3, '2018-08-10', '2018-08-29', 5350.00, 0.00, '', '2018-08-10 03:34:01'),
(10072, 10005, 10000.00, 700.00, 10700.00, 3, '2018-08-12', '2018-08-24', 10700.00, 0.00, '', '2018-08-12 03:54:28'),
(10073, 10013, 15000.00, 1050.00, 16050.00, 2, '2018-08-16', 'n/a', 13400.00, 3400.00, '', '2018-08-16 09:10:29'),
(10074, 10004, 15000.00, 1050.00, 16050.00, 3, '2018-08-23', '2018-10-05', 16300.00, 0.00, '', '2018-08-23 15:00:10'),
(10075, 10018, 5000.00, 350.00, 5350.00, 3, '2018-08-24', '2018-09-25', 5350.00, 0.00, '', '2018-08-24 04:01:59'),
(10076, 10022, 5000.00, 350.00, 5350.00, 3, '2018-08-24', '2018-09-10', 5350.00, 0.00, '', '2018-08-24 04:03:39'),
(10077, 10005, 10000.00, 700.00, 10700.00, 3, '2018-08-24', '2018-09-10', 10700.00, 0.00, '', '2018-08-24 08:44:14'),
(10078, 10003, 10000.00, 700.00, 10700.00, 3, '2018-08-29', '2018-09-11', 10700.00, 0.00, '', '2018-08-29 03:45:15'),
(10079, 10005, 10000.00, 700.00, 10700.00, 3, '2018-09-10', '2018-09-25', 10700.00, 0.00, '', '2018-09-10 02:25:24'),
(10080, 10009, 5000.00, 350.00, 5350.00, 3, '2018-09-10', '2018-10-11', 5350.00, 0.00, '', '2018-09-10 02:29:50'),
(10081, 10019, 6000.00, 420.00, 6420.00, 3, '2018-09-10', '2018-10-10', 6420.00, 0.00, '', '2018-09-10 03:16:25'),
(10082, 10022, 7000.00, 490.00, 7490.00, 3, '2018-09-10', '2018-09-25', 7490.00, 0.00, '', '2018-09-10 03:18:36'),
(10083, 10023, 5000.00, 350.00, 5350.00, 3, '2018-09-10', '2018-09-19', 5350.00, 0.00, '', '2018-09-10 06:19:38'),
(10084, 10017, 5000.00, 350.00, 5350.00, 3, '2018-09-11', '2018-09-25', 5350.00, 0.00, '', '2018-09-11 01:55:56'),
(10085, 10024, 5000.00, 350.00, 5350.00, 3, '2018-09-11', '2018-10-10', 5350.00, 0.00, '', '2018-09-11 03:04:00'),
(10086, 10022, 3000.00, 210.00, 3210.00, 3, '2018-09-11', '2018-09-25', 3210.00, 0.00, '', '2018-09-11 07:54:38'),
(10087, 10025, 6000.00, 420.00, 6420.00, 3, '2018-09-11', '2018-09-25', 6420.00, 0.00, '', '2018-09-11 08:01:51'),
(10088, 10003, 15000.00, 1050.00, 16050.00, 2, '2018-09-11', 'n/a', 5000.00, 11820.00, '', '2018-09-11 12:19:27'),
(10089, 10026, 5000.00, 350.00, 5350.00, 3, '2018-09-21', '2018-10-05', 5350.00, 0.00, 'To be paid in just 5 days', '2018-09-21 07:13:21'),
(10090, 10027, 5000.00, 350.00, 5350.00, 2, '2018-09-22', 'n/a', 2280.00, 3070.00, '', '2018-09-23 05:42:28'),
(10091, 10005, 10000.00, 700.00, 10700.00, 2, '2018-09-25', 'n/a', 5000.00, 5700.00, '', '2018-09-25 05:15:31'),
(10092, 10017, 10000.00, 700.00, 10700.00, 3, '2018-09-25', '2018-10-10', 10700.00, 0.00, '', '2018-09-25 05:16:31'),
(10093, 10022, 10000.00, 700.00, 10700.00, 3, '2018-09-25', '2018-10-10', 10700.00, 0.00, '', '2018-09-25 05:20:43'),
(10094, 10016, 7000.00, 490.00, 7490.00, 3, '2018-09-26', '2018-10-12', 7490.00, 0.00, '', '2018-09-26 04:41:23'),
(10095, 10027, 1000.00, 70.00, 1070.00, 1, '2018-09-28', 'n/a', 0.00, 1070.00, '', '2018-09-28 01:32:55'),
(10096, 10027, 2000.00, 140.00, 2140.00, 1, '2018-10-01', 'n/a', 0.00, 2140.00, 'Add loan for expected incentives', '2018-10-01 01:28:19'),
(10097, 10004, 15000.00, 1050.00, 16050.00, 2, '2018-10-05', 'n/a', 2150.00, 13900.00, '', '2018-10-05 01:30:20'),
(10098, 10028, 5000.00, 350.00, 5350.00, 1, '2018-10-08', 'n/a', 0.00, 5350.00, '', '2018-10-08 06:54:56'),
(10099, 10022, 10000.00, 700.00, 10700.00, 1, '2018-10-10', 'n/a', 0.00, 10700.00, '', '2018-10-10 01:59:33'),
(10100, 10024, 7000.00, 490.00, 7490.00, 1, '2018-10-10', 'n/a', 0.00, 7490.00, '', '2018-10-10 02:02:05'),
(10101, 10017, 15000.00, 1050.00, 16050.00, 2, '2018-10-10', 'n/a', 700.00, 15350.00, '', '2018-10-10 03:01:47'),
(10102, 10009, 5000.00, 350.00, 5350.00, 1, '2018-10-11', 'n/a', 0.00, 5350.00, '', '2018-10-10 17:57:06'),
(10103, 10016, 15000.00, 1050.00, 16050.00, 1, '2018-10-12', 'n/a', 0.00, 16050.00, '', '2018-10-12 02:49:10'),
(10104, 10025, 5000.00, 350.00, 5350.00, 1, '2018-10-12', 'n/a', 0.00, 5350.00, '', '2018-10-12 07:39:02');

-- --------------------------------------------------------

--
-- Table structure for table `logs`
--

CREATE TABLE `logs` (
  `log_id` int(11) NOT NULL,
  `user_fullname` varchar(45) NOT NULL,
  `log_type` varchar(45) NOT NULL,
  `details` varchar(250) NOT NULL,
  `date_time` datetime NOT NULL DEFAULT CURRENT_TIMESTAMP
) ENGINE=InnoDB DEFAULT CHARSET=latin1;

--
-- Dumping data for table `logs`
--

INSERT INTO `logs` (`log_id`, `user_fullname`, `log_type`, `details`, `date_time`) VALUES
(1000001, 'TORRES, JIK', 'Login', 'System user login as Administrator', '2018-04-08 22:37:59'),
(1000002, 'TORRES, JIK', 'Add', 'New%20company%20added:%20DENR%20LMS%20XI', '2018-04-08 22:40:33'),
(1000003, 'TORRES, JIK', 'Add', 'New%20company%20added:%20Sutherland%20Global%20Services%20Inc.', '2018-04-08 22:41:30'),
(1000004, 'TORRES, JIK', 'Add', 'New%20company%20added:%20IBEX%20Global', '2018-04-08 22:43:29'),
(1000005, 'TORRES, JIK', 'Add', 'New%20company%20added:%20VXI%20Global%20Solutions%20LLC%20-%20SM%20Ecoland', '2018-04-08 22:44:30'),
(1000006, 'TORRES, JIK', 'Update', 'Company%20updated%20J101:%20DENR%20LMS%20XI%20to%20No%20Company', '2018-04-08 22:49:42'),
(1000007, 'TORRES, JIK', 'Add', 'New%20company%20added:%20DENR%20LMS%20XI', '2018-04-08 22:50:11'),
(1000008, 'TORRES, JIK', 'Update', 'ATM%20Bank%20updated%20A101:%20Land%20bank%20of%20the%20Philippines%20to%20No%20ATM%20Bank', '2018-04-08 22:51:03'),
(1000009, 'TORRES, JIK', 'Add', 'New%20ATM%20bank%20added:%20Land%20bank%20of%20the%20Philippines', '2018-04-08 22:51:29'),
(1000010, 'TORRES, JIK', 'Update', 'ATM%20Bank%20updated%20A103:%20Land%20bank%20of%20the%20Philippines%20to%20Land%20bank%20of%20the%20Philippines', '2018-04-08 22:51:49'),
(1000011, 'TORRES, JIK', 'Add', 'New%20client%20record%20added:%20ISRAEL%20LADY%20GRACE', '2018-04-08 23:00:47'),
(1000012, 'TORRES, JIK', 'Add', 'New%20client%20record%20added:%20N', '2018-04-08 23:22:15'),
(1000013, 'TORRES, JIK', 'Update', 'Client%20updated%20C10001:%20ISRAEL%20LADY%20GRACE', '2018-04-08 23:22:31'),
(1000014, 'TORRES, JIK', 'Add', 'New%20loan%20added%20to:%20C10002:%20N', '2018-04-08 23:50:44'),
(1000015, 'TORRES, JIK', 'Add', 'New%20payment%20added%20to%20Loan%20ID:%20L12%20of%20Client:%20N', '2018-04-09 00:08:02'),
(1000016, 'TORRES, JIK', 'Add', 'New%20loan%20added%20to:%20C10001:%20ISRAEL%20LADY%20GRACE', '2018-04-09 00:11:02'),
(1000017, 'TORRES, JIK', 'Add', 'New%20payment%20added%20to%20Loan%20ID:%20L13%20of%20Client:%20ISRAEL%20LADY%20GRACE', '2018-04-09 00:11:42'),
(1000018, 'TORRES, JIK', 'Add', 'New%20interest%20added%20to%20Loan%20ID:%20L13%20of%20Client:%20ISRAEL%20LADY%20GRACE', '2018-04-09 00:24:44'),
(1000019, 'TORRES, JIK', 'Update', 'New%20loan%20adjustment%20to%20Loan%20ID:%20L13%20of%20Client:%20ISRAEL%20LADY%20GRACE', '2018-04-09 00:30:32'),
(1000020, 'TORRES, JIK', 'Add', 'New%20payment%20added%20to%20Loan%20ID:%20L13%20of%20Client:%20ISRAEL%20LADY%20GRACE', '2018-04-09 00:37:41'),
(1000021, 'TORRES, JIK', 'Add', 'New%20loan%20added%20to:%20C10001:%20ISRAEL%20LADY%20GRACE', '2018-04-09 01:19:07'),
(1000022, 'TORRES, JIK', 'Add', 'New%20payment%20added%20to%20Loan%20ID:%20L10001%20of%20Client:%20ISRAEL%20LADY%20GRACE', '2018-04-09 01:19:54'),
(1000023, 'TORRES, JIK', 'Add', 'New%20interest%20added%20to%20Loan%20ID:%20L10001%20of%20Client:%20ISRAEL%20LADY%20GRACE', '2018-04-09 01:21:54'),
(1000024, 'TORRES, JIK', 'Update', 'New%20loan%20adjustment%20to%20Loan%20ID:%20L10001%20of%20Client:%20ISRAEL%20LADY%20GRACE', '2018-04-09 01:23:58'),
(1000025, 'TORRES, JIK', 'Add', 'New%20payment%20added%20to%20Loan%20ID:%20L10001%20of%20Client:%20ISRAEL%20LADY%20GRACE', '2018-04-09 01:25:23'),
(1000026, 'TORRES, JIK', 'Add', 'New%20loan%20added%20to:%20C10001:%20ISRAEL%20LADY%20GRACE', '2018-04-09 01:27:16'),
(1000027, 'TORRES, JIK', 'Add', 'New%20payment%20added%20to%20Loan%20ID:%20L10002%20of%20Client:%20ISRAEL%20LADY%20GRACE', '2018-04-09 01:28:25'),
(1000028, 'TORRES, JIK', 'Add', 'New%20loan%20added%20to:%20C10002:%20N', '2018-04-09 02:22:06'),
(1000029, 'TORRES, JIK', 'Add', 'New%20payment%20added%20to%20Loan%20ID:%20L10003%20of%20Client:%20N', '2018-04-09 02:51:28'),
(1000030, 'TORRES, JIK', 'Add', 'New%20client%20record%20added:%20ALDERITE%20ROSE%20ANN', '2018-04-09 02:57:22'),
(1000031, 'TORRES, JIK', 'Add', 'New%20loan%20added%20to:%20C10003:%20ALDERITE%20ROSE%20ANN', '2018-04-09 02:58:11'),
(1000032, 'TORRES, JIK', 'Add', 'New%20payment%20added%20to%20Loan%20ID:%20L10004%20of%20Client:%20ALDERITE%20ROSE%20ANN', '2018-04-09 02:58:56'),
(1000033, 'TORRES, JIK', 'Add', 'New%20loan%20added%20to:%20C10003:%20ALDERITE%20ROSE%20ANN', '2018-04-09 02:59:47'),
(1000034, 'TORRES, JIK', 'Update', 'New%20loan%20adjustment%20to%20Loan%20ID:%20L10005%20of%20Client:%20ALDERITE%20ROSE%20ANN', '2018-04-09 03:00:49'),
(1000035, 'TORRES, JIK', 'Add', 'New%20payment%20added%20to%20Loan%20ID:%20L10005%20of%20Client:%20ALDERITE%20ROSE%20ANN', '2018-04-09 03:01:54'),
(1000036, 'TORRES, JIK', 'Add', 'New%20loan%20added%20to:%20C10003:%20ALDERITE%20ROSE%20ANN', '2018-04-09 03:02:35'),
(1000037, 'TORRES, JIK', 'Update', 'New%20loan%20adjustment%20to%20Loan%20ID:%20L10006%20of%20Client:%20ALDERITE%20ROSE%20ANN', '2018-04-09 03:04:06'),
(1000038, 'TORRES, JIK', 'Add', 'New%20interest%20added%20to%20Loan%20ID:%20L10006%20of%20Client:%20ALDERITE%20ROSE%20ANN', '2018-04-09 03:05:09'),
(1000039, 'TORRES, JIK', 'Add', 'New%20payment%20added%20to%20Loan%20ID:%20L10006%20of%20Client:%20ALDERITE%20ROSE%20ANN', '2018-04-09 03:05:46'),
(1000040, 'TORRES, JIK', 'Add', 'New%20loan%20added%20to:%20C10003:%20ALDERITE%20ROSE%20ANN', '2018-04-09 03:06:53'),
(1000041, 'TORRES, JIK', 'Add', 'New%20payment%20added%20to%20Loan%20ID:%20L10007%20of%20Client:%20ALDERITE%20ROSE%20ANN', '2018-04-09 03:07:24'),
(1000042, 'TORRES, JIK', 'Add', 'New%20payment%20added%20to%20Loan%20ID:%20L10007%20of%20Client:%20ALDERITE%20ROSE%20ANN', '2018-04-09 03:07:56'),
(1000043, 'TORRES, JIK', 'Add', 'New%20loan%20added%20to:%20C10003:%20ALDERITE%20ROSE%20ANN', '2018-04-09 03:09:22'),
(1000044, 'TORRES, JIK', 'Add', 'New%20payment%20added%20to%20Loan%20ID:%20L10008%20of%20Client:%20ALDERITE%20ROSE%20ANN', '2018-04-09 03:09:45'),
(1000045, 'TORRES, JIK', 'Add', 'New%20loan%20added%20to:%20C10003:%20ALDERITE%20ROSE%20ANN', '2018-04-09 03:11:11'),
(1000046, 'TORRES, JIK', 'Add', 'New%20payment%20added%20to%20Loan%20ID:%20L10009%20of%20Client:%20ALDERITE%20ROSE%20ANN', '2018-04-09 03:13:51'),
(1000047, 'TORRES, JIK', 'Login', 'System user login as Administrator', '2018-04-09 16:38:43'),
(1000048, 'TORRES, JIK', 'Add', 'New%20client%20record%20added:%20ZABATE%20KAREN%20JANE', '2018-04-09 16:44:59'),
(1000049, 'TORRES, JIK', 'Add', 'New%20loan%20added%20to:%20C10004:%20ZABATE%20KAREN%20JANE', '2018-04-09 16:45:27'),
(1000050, 'TORRES, JIK', 'Add', 'New%20payment%20added%20to%20Loan%20ID:%20L10010%20of%20Client:%20ZABATE%20KAREN%20JANE', '2018-04-09 16:45:54'),
(1000051, 'TORRES, JIK', 'Add', 'New%20payment%20added%20to%20Loan%20ID:%20L10010%20of%20Client:%20ZABATE%20KAREN%20JANE', '2018-04-09 16:46:43'),
(1000052, 'TORRES, JIK', 'Add', 'New%20loan%20added%20to:%20C10004:%20ZABATE%20KAREN%20JANE', '2018-04-09 16:47:45'),
(1000053, 'TORRES, JIK', 'Add', 'New%20payment%20added%20to%20Loan%20ID:%20L10011%20of%20Client:%20ZABATE%20KAREN%20JANE', '2018-04-09 16:48:19'),
(1000054, 'TORRES, JIK', 'Add', 'New%20payment%20added%20to%20Loan%20ID:%20L10011%20of%20Client:%20ZABATE%20KAREN%20JANE', '2018-04-09 16:48:59'),
(1000055, 'TORRES, JIK', 'Add', 'New%20interest%20added%20to%20Loan%20ID:%20L10011%20of%20Client:%20ZABATE%20KAREN%20JANE', '2018-04-09 16:49:43'),
(1000056, 'TORRES, JIK', 'Add', 'New%20payment%20added%20to%20Loan%20ID:%20L10011%20of%20Client:%20ZABATE%20KAREN%20JANE', '2018-04-09 16:50:06'),
(1000057, 'TORRES, JIK', 'Add', 'New%20loan%20added%20to:%20C10004:%20ZABATE%20KAREN%20JANE', '2018-04-09 16:50:59'),
(1000058, 'TORRES, JIK', 'Add', 'New%20payment%20added%20to%20Loan%20ID:%20L10012%20of%20Client:%20ZABATE%20KAREN%20JANE', '2018-04-09 16:51:18'),
(1000059, 'TORRES, JIK', 'Add', 'New%20payment%20added%20to%20Loan%20ID:%20L10012%20of%20Client:%20ZABATE%20KAREN%20JANE', '2018-04-09 16:51:33'),
(1000060, 'TORRES, JIK', 'Add', 'New%20loan%20added%20to:%20C10004:%20ZABATE%20KAREN%20JANE', '2018-04-09 16:52:58'),
(1000061, 'TORRES, JIK', 'Add', 'New%20payment%20added%20to%20Loan%20ID:%20L10013%20of%20Client:%20ZABATE%20KAREN%20JANE', '2018-04-09 16:53:28'),
(1000062, 'TORRES, JIK', 'Add', 'New%20payment%20added%20to%20Loan%20ID:%20L10013%20of%20Client:%20ZABATE%20KAREN%20JANE', '2018-04-09 16:53:45'),
(1000063, 'TORRES, JIK', 'Add', 'New%20interest%20added%20to%20Loan%20ID:%20L10013%20of%20Client:%20ZABATE%20KAREN%20JANE', '2018-04-09 16:54:06'),
(1000064, 'TORRES, JIK', 'Add', 'New%20payment%20added%20to%20Loan%20ID:%20L10013%20of%20Client:%20ZABATE%20KAREN%20JANE', '2018-04-09 16:54:35'),
(1000065, 'TORRES, JIK', 'Add', 'New%20client%20record%20added:%20ABDULLAH%20FARHANA%20BINT', '2018-04-09 16:56:42'),
(1000066, 'TORRES, JIK', 'Update', 'Client%20updated%20C10005:%20ABDULLAH%20FARHANA%20BINT', '2018-04-09 16:58:38'),
(1000067, 'TORRES, JIK', 'Add', 'New%20loan%20added%20to:%20C10005:%20ABDULLAH%20FARHANA%20BINT', '2018-04-09 16:59:06'),
(1000068, 'TORRES, JIK', 'Add', 'New%20payment%20added%20to%20Loan%20ID:%20L10014%20of%20Client:%20ABDULLAH%20FARHANA%20BINT', '2018-04-09 17:03:16'),
(1000069, 'TORRES, JIK', 'Add', 'New%20payment%20added%20to%20Loan%20ID:%20L10014%20of%20Client:%20ABDULLAH%20FARHANA%20BINT', '2018-04-09 17:04:02'),
(1000070, 'TORRES, JIK', 'Add', 'New%20loan%20added%20to:%20C10005:%20ABDULLAH%20FARHANA%20BINT', '2018-04-09 17:05:22'),
(1000071, 'TORRES, JIK', 'Add', 'New%20payment%20added%20to%20Loan%20ID:%20L10015%20of%20Client:%20ABDULLAH%20FARHANA%20BINT', '2018-04-09 17:05:54'),
(1000072, 'TORRES, JIK', 'Add', 'New%20payment%20added%20to%20Loan%20ID:%20L10015%20of%20Client:%20ABDULLAH%20FARHANA%20BINT', '2018-04-09 17:06:17'),
(1000073, 'TORRES, JIK', 'Add', 'New%20loan%20added%20to:%20C10005:%20ABDULLAH%20FARHANA%20BINT', '2018-04-09 17:14:01'),
(1000074, 'TORRES, JIK', 'Add', 'New%20payment%20added%20to%20Loan%20ID:%20L10016%20of%20Client:%20ABDULLAH%20FARHANA%20BINT', '2018-04-09 17:14:51'),
(1000075, 'TORRES, JIK', 'Add', 'New%20loan%20added%20to:%20C10005:%20ABDULLAH%20FARHANA%20BINT', '2018-04-09 17:16:09'),
(1000076, 'TORRES, JIK', 'Add', 'New%20client%20record%20added:%20ANGELES%20RUBY', '2018-04-09 18:05:50'),
(1000077, 'TORRES, JIK', 'Add', 'New%20loan%20added%20to:%20C10006:%20ANGELES%20RUBY', '2018-04-09 18:06:16'),
(1000078, 'TORRES, JIK', 'Add', 'New%20payment%20added%20to%20Loan%20ID:%20L10018%20of%20Client:%20ANGELES%20RUBY', '2018-04-09 18:06:33'),
(1000079, 'TORRES, JIK', 'Add', 'New%20interest%20added%20to%20Loan%20ID:%20L10018%20of%20Client:%20ANGELES%20RUBY', '2018-04-09 18:07:05'),
(1000080, 'TORRES, JIK', 'Update', 'New%20loan%20adjustment%20to%20Loan%20ID:%20L10018%20of%20Client:%20ANGELES%20RUBY', '2018-04-09 18:07:46'),
(1000081, 'TORRES, JIK', 'Add', 'New%20payment%20added%20to%20Loan%20ID:%20L10018%20of%20Client:%20ANGELES%20RUBY', '2018-04-09 18:08:00'),
(1000082, 'TORRES, JIK', 'Add', 'New%20client%20record%20added:%20ABUNDA%20ERIKA%20ANNE', '2018-04-09 18:21:50'),
(1000083, 'TORRES, JIK', 'Add', 'New%20loan%20added%20to:%20C10007:%20ABUNDA%20ERIKA%20ANNE', '2018-04-09 18:23:53'),
(1000084, 'TORRES, JIK', 'Add', 'New%20payment%20added%20to%20Loan%20ID:%20L10019%20of%20Client:%20ABUNDA%20ERIKA%20ANNE', '2018-04-09 18:24:18'),
(1000085, 'TORRES, JIK', 'Add', 'New%20payment%20added%20to%20Loan%20ID:%20L10019%20of%20Client:%20ABUNDA%20ERIKA%20ANNE', '2018-04-09 18:24:37'),
(1000086, 'TORRES, JIK', 'Add', 'New%20client%20record%20added:%20N', '2018-04-09 18:29:56'),
(1000087, 'TORRES, JIK', 'Add', 'New%20loan%20added%20to:%20C10008:%20N', '2018-04-09 18:30:48'),
(1000088, 'TORRES, JIK', 'Add', 'New%20payment%20added%20to%20Loan%20ID:%20L10020%20of%20Client:%20N', '2018-04-09 18:32:24'),
(1000089, 'TORRES, JIK', 'Add', 'New%20payment%20added%20to%20Loan%20ID:%20L10020%20of%20Client:%20N', '2018-04-09 18:32:38'),
(1000090, 'TORRES, JIK', 'Add', 'New%20loan%20added%20to:%20C10008:%20N', '2018-04-09 18:33:05'),
(1000091, 'TORRES, JIK', 'Add', 'New%20payment%20added%20to%20Loan%20ID:%20L10021%20of%20Client:%20N', '2018-04-09 18:33:33'),
(1000092, 'TORRES, JIK', 'Add', 'New%20client%20record%20added:%20BAYANI%20ESNAYRA', '2018-04-09 18:37:37'),
(1000093, 'TORRES, JIK', 'Add', 'New%20loan%20added%20to:%20C10009:%20BAYANI%20ESNAYRA', '2018-04-09 18:38:07'),
(1000094, 'TORRES, JIK', 'Add', 'New%20payment%20added%20to%20Loan%20ID:%20L10022%20of%20Client:%20BAYANI%20ESNAYRA', '2018-04-09 18:39:04'),
(1000095, 'TORRES, JIK', 'Add', 'New%20payment%20added%20to%20Loan%20ID:%20L10022%20of%20Client:%20BAYANI%20ESNAYRA', '2018-04-09 18:39:20'),
(1000096, 'TORRES, JIK', 'Add', 'New%20loan%20added%20to:%20C10009:%20BAYANI%20ESNAYRA', '2018-04-09 18:40:40'),
(1000097, 'TORRES, JIK', 'Add', 'New%20client%20record%20added:%20CABANG%20REYSEL', '2018-04-09 18:44:46'),
(1000098, 'TORRES, JIK', 'Add', 'New%20loan%20added%20to:%20C10010:%20CABANG%20REYSEL', '2018-04-09 18:45:11'),
(1000099, 'TORRES, JIK', 'Add', 'New%20payment%20added%20to%20Loan%20ID:%20L10024%20of%20Client:%20CABANG%20REYSEL', '2018-04-09 18:45:35'),
(1000100, 'TORRES, JIK', 'Add', 'New%20payment%20added%20to%20Loan%20ID:%20L10024%20of%20Client:%20CABANG%20REYSEL', '2018-04-09 18:45:49'),
(1000101, 'TORRES, JIK', 'Add', 'New%20interest%20added%20to%20Loan%20ID:%20L10024%20of%20Client:%20CABANG%20REYSEL', '2018-04-09 18:46:22'),
(1000102, 'TORRES, JIK', 'Update', 'New%20loan%20adjustment%20to%20Loan%20ID:%20L10024%20of%20Client:%20CABANG%20REYSEL', '2018-04-09 18:46:55'),
(1000103, 'TORRES, JIK', 'Add', 'New%20payment%20added%20to%20Loan%20ID:%20L10024%20of%20Client:%20CABANG%20REYSEL', '2018-04-09 18:47:20'),
(1000104, 'TORRES, JIK', 'Add', 'New%20client%20record%20added:%20CABANG%20RUSSEL', '2018-04-09 18:51:05'),
(1000105, 'TORRES, JIK', 'Add', 'New%20loan%20added%20to:%20C10011:%20CABANG%20RUSSEL', '2018-04-09 18:51:44'),
(1000106, 'TORRES, JIK', 'Add', 'New%20payment%20added%20to%20Loan%20ID:%20L10025%20of%20Client:%20CABANG%20RUSSEL', '2018-04-09 18:52:07'),
(1000107, 'TORRES, JIK', 'Add', 'New%20payment%20added%20to%20Loan%20ID:%20L10025%20of%20Client:%20CABANG%20RUSSEL', '2018-04-09 18:52:21'),
(1000108, 'TORRES, JIK', 'Update', 'Transaction%20updated%20T%20of%20Client:%20CABANG%20RUSSEL', '2018-04-09 21:03:58'),
(1000109, 'TORRES, JIK', 'Update', 'Transaction%20updated%20T%20of%20Client:%20CABANG%20RUSSEL', '2018-04-09 21:04:16'),
(1000110, 'TORRES, JIK', 'Update', 'Transaction%20updated%20T%20of%20Client:%20CABANG%20RUSSEL', '2018-04-09 21:04:44'),
(1000111, 'TORRES, JIK', 'Update', 'Transaction%20updated%20T%20of%20Client:%20CABANG%20RUSSEL', '2018-04-09 21:04:44'),
(1000112, 'TORRES, JIK', 'Update', 'Transaction%20updated%20T%20of%20Client:%20CABANG%20RUSSEL', '2018-04-09 21:04:44'),
(1000113, 'TORRES, JIK', 'Update', 'Transaction%20updated%20T%20of%20Client:%20CABANG%20RUSSEL', '2018-04-09 21:04:46'),
(1000114, 'TORRES, JIK', 'Update', 'Transaction%20updated%20T%20of%20Client:%20CABANG%20RUSSEL', '2018-04-09 21:05:46'),
(1000115, 'TORRES, JIK', 'Update', 'Transaction%20updated%20T%20of%20Client:%20CABANG%20RUSSEL', '2018-04-09 21:07:13'),
(1000116, 'TORRES, JIK', 'Update', 'Transaction%20updated%20T%20of%20Client:%20CABANG%20RUSSEL', '2018-04-09 21:07:25'),
(1000117, 'TORRES, JIK', 'Update', 'Transaction%20updated%20T%20of%20Client:%20CABANG%20RUSSEL', '2018-04-09 21:09:56'),
(1000118, 'TORRES, JIK', 'Update', 'Transaction%20updated%20T100074%20of%20Client:%20CABANG%20RUSSEL', '2018-04-09 21:15:16'),
(1000119, 'TORRES, JIK', 'Update', 'Transaction%20updated%20T100074%20of%20Client:%20CABANG%20RUSSEL', '2018-04-09 21:15:28'),
(1000120, 'TORRES, JIK', 'Update', 'Transaction%20updated%20T100074%20of%20Client:%20CABANG%20RUSSEL', '2018-04-09 21:16:16'),
(1000121, 'TORRES, JIK', 'Update', 'Transaction%20updated%20T100076%20of%20Client:%20CABANG%20RUSSEL', '2018-04-09 21:16:26'),
(1000122, 'TORRES, JIK', 'Update', 'Transaction%20updated%20T100076%20of%20Client:%20CABANG%20RUSSEL', '2018-04-09 21:16:34'),
(1000123, 'TORRES, JIK', 'Update', 'Transaction%20updated%20T100076%20of%20Client:%20CABANG%20RUSSEL', '2018-04-09 21:16:43'),
(1000124, 'TORRES, JIK', 'Update', 'Transaction%20updated%20T100076%20of%20Client:%20CABANG%20RUSSEL', '2018-04-09 21:16:53'),
(1000125, 'TORRES, JIK', 'Update', 'Loan%20updated%20to:%20C10001:%20ISRAEL%20LADY%20GRACE', '2018-04-09 21:33:48'),
(1000126, 'TORRES, JIK', 'Update', 'Loan%20updated%20to:%20C10001:%20ISRAEL%20LADY%20GRACE', '2018-04-09 21:34:04'),
(1000127, 'TORRES, JIK', 'Update', 'Loan%20updated%20to:%20C10001:%20ISRAEL%20LADY%20GRACE', '2018-04-09 21:34:14'),
(1000128, 'TORRES, JIK', 'Update', 'Loan%20updated%20to:%20C10001:%20ISRAEL%20LADY%20GRACE', '2018-04-09 21:34:39'),
(1000129, 'TORRES, JIK', 'Update', 'Loan%20updated%20to:%20C10001:%20ISRAEL%20LADY%20GRACE', '2018-04-09 21:36:27'),
(1000130, 'TORRES, JIK', 'Update', 'Loan%20updated%20to:%20C10001:%20ISRAEL%20LADY%20GRACE', '2018-04-09 21:36:36'),
(1000131, 'TORRES, JIK', 'Update', 'Transaction%20updated%20T100006%20of%20Client:%20ISRAEL%20LADY%20GRACE', '2018-04-09 21:40:20'),
(1000132, 'TORRES, JIK', 'Update', 'Transaction%20updated%20T100001%20of%20Client:%20ISRAEL%20LADY%20GRACE', '2018-04-09 21:41:09'),
(1000133, 'TORRES, JIK', 'Update', 'Transaction%20updated%20T100002%20of%20Client:%20ISRAEL%20LADY%20GRACE', '2018-04-09 21:44:36'),
(1000134, 'TORRES, JIK', 'Update', 'Transaction%20updated%20T100003%20of%20Client:%20ISRAEL%20LADY%20GRACE', '2018-04-09 21:44:49'),
(1000135, 'TORRES, JIK', 'Update', 'Transaction%20updated%20T100004%20of%20Client:%20ISRAEL%20LADY%20GRACE', '2018-04-09 21:45:00'),
(1000136, 'TORRES, JIK', 'Update', 'Transaction%20updated%20T100005%20of%20Client:%20ISRAEL%20LADY%20GRACE', '2018-04-09 21:45:10'),
(1000137, 'TORRES, JIK', 'Update', 'Loan%20updated%20to:%20C10001:%20ISRAEL%20LADY%20GRACE', '2018-04-09 21:45:37'),
(1000138, 'TORRES, JIK', 'Update', 'Loan%20updated%20to:%20C10001:%20ISRAEL%20LADY%20GRACE', '2018-04-09 21:46:44'),
(1000139, 'TORRES, JIK', 'Update', 'Transaction%20updated%20T100007%20of%20Client:%20ISRAEL%20LADY%20GRACE', '2018-04-09 21:47:05'),
(1000140, 'TORRES, JIK', 'Update', 'Transaction%20updated%20T100005%20of%20Client:%20ISRAEL%20LADY%20GRACE', '2018-04-09 21:58:59'),
(1000141, 'TORRES, JIK', 'Update', 'Transaction%20updated%20T100005%20of%20Client:%20ISRAEL%20LADY%20GRACE', '2018-04-09 21:59:39'),
(1000142, 'TORRES, JIK', 'Update', 'Transaction%20updated%20T100025%20of%20Client:%20ALDERITE%20ROSE%20ANN', '2018-04-09 22:00:53'),
(1000143, 'TORRES, JIK', 'Update', 'Transaction%20updated%20T100025%20of%20Client:%20ALDERITE%20ROSE%20ANN', '2018-04-09 22:01:15'),
(1000144, 'TORRES, JIK', 'Update', 'Loan%20updated%20to:%20C10003:%20ALDERITE%20ROSE%20ANN', '2018-04-09 22:03:26'),
(1000145, 'TORRES, JIK', 'Update', 'Transaction%20updated%20T100021%20of%20Client:%20ALDERITE%20ROSE%20ANN', '2018-04-09 22:05:41'),
(1000146, 'TORRES, JIK', 'Update', 'Loan%20updated%20to:%20C10003:%20ALDERITE%20ROSE%20ANN', '2018-04-09 22:07:09'),
(1000147, 'TORRES, JIK', 'Update', 'Loan%20updated%20to:%20C10003:%20ALDERITE%20ROSE%20ANN', '2018-04-09 22:09:17'),
(1000148, 'TORRES, JIK', 'Update', 'Loan%20updated%20to:%20C10003:%20ALDERITE%20ROSE%20ANN', '2018-04-09 22:09:50'),
(1000149, 'TORRES, JIK', 'Update', 'Client%20updated%20C10009:%20BAYANI%20ESNEYRA', '2018-04-09 22:52:04'),
(1000150, 'TORRES, JIK', 'Login', 'System user login as Administrator', '2018-04-10 19:33:42'),
(1000151, 'TORRES, JIK', 'Logout', 'System user logout as Administrator', '2018-04-10 19:33:48'),
(1000152, 'TORRES, JIK', 'Login', 'System user login as Administrator', '2018-04-10 19:34:14'),
(1000153, 'TORRES, JIK', 'Login', 'System user login as Administrator', '2018-04-12 01:30:05'),
(1000154, 'TORRES, JIK', 'Add', 'New%20payment%20added%20to%20Loan%20ID:%20L10023%20of%20Client:%20BAYANI%20ESNEYRA', '2018-04-12 02:11:31'),
(1000155, 'TORRES, JIK', 'Login', 'System user login as Administrator', '2018-04-12 22:08:56'),
(1000156, 'TORRES, JIK', 'Add', 'New%20payment%20added%20to%20Loan%20ID:%20L10024%20of%20Client:%20CABANG%20REYSEL', '2018-04-12 22:13:29'),
(1000157, 'TORRES, JIK', 'Add', 'New%20loan%20added%20to:%20C10010:%20CABANG%20REYSEL', '2018-04-12 22:18:17'),
(1000158, 'TORRES, JIK', 'Login', 'System user login as Administrator', '2018-04-13 22:01:34'),
(1000159, 'TORRES, JIK', 'Add', 'New%20schedule%20added:%20VXI%20-%20SM%20Ecoland%20Payday', '2018-04-14 01:33:28'),
(1000160, 'TORRES, JIK', 'Login', 'System user login as Administrator', '2018-04-14 21:43:53'),
(1000161, 'TORRES, JIK', 'Update', 'Capital%20adjustment%20updated%20P1', '2018-04-15 02:53:03'),
(1000162, 'TORRES, JIK', 'Update', 'Capital%20adjustment%20updated%20P4', '2018-04-15 02:54:16'),
(1000163, 'TORRES, JIK', 'Update', 'Capital%20adjustment%20updated%20P4', '2018-04-15 02:54:30'),
(1000164, 'TORRES, JIK', 'Update', 'Capital%20adjustment%20updated%20P4', '2018-04-15 02:54:40'),
(1000165, 'TORRES, JIK', 'Update', 'Capital%20adjustment%20updated%20P4', '2018-04-15 02:54:50'),
(1000166, 'TORRES, JIK', 'Update', 'New%20capital%20adjustment', '2018-04-15 02:55:16'),
(1000167, 'TORRES, JIK', 'Update', 'New%20capital%20adjustment', '2018-04-15 02:56:37'),
(1000168, 'TORRES, JIK', 'Delete', 'User%20record%20deleted', '2018-04-15 02:58:45'),
(1000169, 'TORRES, JIK', 'Delete', 'User%20record%20deleted', '2018-04-15 02:58:49'),
(1000170, 'TORRES, JIK', 'Update', 'New%20capital%20adjustment', '2018-04-15 03:00:47'),
(1000171, 'TORRES, JIK', 'Login', 'System user login as Administrator', '2018-04-15 16:11:15'),
(1000172, 'TORRES, JIK', 'Login', 'System user login as Administrator', '2018-04-16 16:58:33'),
(1000173, 'TORRES, JIK', 'Add', 'New%20client%20record%20added:%20Torres%20Jessa%20Mae', '2018-04-16 18:13:07'),
(1000174, 'TORRES, JIK', 'Add', 'New%20loan%20added%20to:%20C10012:%20Torres%20Jessa%20Mae', '2018-04-16 18:27:32'),
(1000175, 'TORRES, JIK', 'Login', 'System user login as Administrator', '2018-04-16 22:23:29'),
(1000176, 'TORRES, JIK', 'Login', 'System user login as Administrator', '2018-04-16 23:40:52'),
(1000177, 'TORRES, JIK', 'Update', 'Client%20updated%20C10012:%20TORRES%20JESSA%20MAEs', '2018-04-16 23:58:42'),
(1000178, 'TORRES, JIK', 'Update', 'Client%20updated%20C10012:%20TORRES%20JESSA%20MAE', '2018-04-16 23:58:51'),
(1000179, 'TORRES, JIK', 'Logout', 'System user logout as Administrator', '2018-04-17 01:28:59'),
(1000180, 'TORRES, JIK', 'Login', 'System user login as Administrator', '2018-04-17 17:37:50'),
(1000181, 'TORRES, JIK', 'Login', 'System user login as Administrator', '2018-04-18 01:22:21'),
(1000182, 'TORRES, JIK', 'Login', 'System user login as Administrator', '2018-04-19 16:36:00'),
(1000183, 'TORRES, JIK', 'Login', 'System user login as Administrator', '2018-04-20 00:07:43'),
(1000184, 'TORRES, JIK', 'Add', 'New%20payment%20added%20to%20Loan%20ID:%20L10026%20of%20Client:%20CABANG%20REYSEL', '2018-04-20 00:37:29'),
(1000185, 'TORRES, JIK', 'Add', 'New%20payment%20added%20to%20Loan%20ID:%20L10013%20of%20Client:%20ZABATE%20KAREN%20JANE', '2018-04-20 00:39:39'),
(1000186, 'TORRES, JIK', 'Add', 'New%20payment%20added%20to%20Loan%20ID:%20L10009%20of%20Client:%20ALDERITE%20ROSE%20ANN', '2018-04-20 00:42:29'),
(1000187, 'TORRES, JIK', 'Add', 'New%20loan%20added%20to:%20C10009:%20BAYANI%20ESNEYRA', '2018-04-20 00:46:40'),
(1000188, 'TORRES, JIK', 'Add', 'New%20client%20record%20added:%20BIWANG%20JUHAIRY', '2018-04-20 01:09:33'),
(1000189, 'TORRES, JIK', 'Add', 'New%20loan%20added%20to:%20C10013:%20BIWANG%20JUHAIRY', '2018-04-20 01:10:44'),
(1000190, 'TORRES, JIK', 'Add', 'New%20schedule%20added:%20VXI%20-%20SM%20Ecoland%20Payday', '2018-04-20 02:02:55'),
(1000191, 'TORRES, JIK', 'Update', 'Schedule%20updated%20S2:%20VXI%20-%20SM%20Ecoland%20Payday', '2018-04-20 02:03:21'),
(1000192, 'TORRES, JIK', 'Login', 'System user login as Administrator', '2018-04-20 14:54:41'),
(1000193, 'TORRES, JIK', 'Login', 'System user login as Administrator', '2018-04-20 17:09:51'),
(1000194, 'TORRES, JIK', 'Login', 'System user login as Administrator', '2018-04-25 19:22:12'),
(1000195, 'TORRES, JIK', 'Add', 'New%20schedule%20added:%20Karen%20and%20Juh%20loan', '2018-04-25 19:23:55'),
(1000196, 'TORRES, JIK', 'Login', 'System user login as Administrator', '2018-04-25 22:40:51'),
(1000197, 'TORRES, JIK', 'Add', 'New%20payment%20added%20to%20Loan%20ID:%20L10023%20of%20Client:%20BAYANI%20ESNEYRA', '2018-04-25 22:41:45'),
(1000198, 'TORRES, JIK', 'Add', 'New%20interest%20added%20to%20Loan%20ID:%20L10023%20of%20Client:%20BAYANI%20ESNEYRA', '2018-04-25 22:43:30'),
(1000199, 'TORRES, JIK', 'Login', 'System user login as Administrator', '2018-04-27 00:57:33'),
(1000200, 'TORRES, JIK', 'Update', 'New%20loan%20adjustment%20to%20Loan%20ID:%20L10027%20of%20Client:%20TORRES%20JESSA%20MAE', '2018-04-27 01:32:34'),
(1000201, 'TORRES, JIK', 'Add', 'New%20loan%20added%20to:%20C10004:%20ZABATE%20KAREN%20JANE', '2018-04-27 01:33:58'),
(1000202, 'TORRES, JIK', 'Add', 'New%20interest%20added%20to%20Loan%20ID:%20L10017%20of%20Client:%20ABDULLAH%20FARHANA%20BINT', '2018-04-27 01:36:50'),
(1000203, 'TORRES, JIK', 'Add', 'New%20payment%20added%20to%20Loan%20ID:%20L10029%20of%20Client:%20BIWANG%20JUHAIRY', '2018-04-27 01:39:08'),
(1000204, 'TORRES, JIK', 'Add', 'New%20loan%20added%20to:%20C10013:%20BIWANG%20JUHAIRY', '2018-04-27 01:40:10'),
(1000205, 'TORRES, JIK', 'Login', 'System user login as Administrator', '2018-04-27 14:52:27'),
(1000206, 'TORRES, JIK', 'Login', 'System user login as Administrator', '2018-04-27 17:41:13'),
(1000207, 'TORRES, JIK', 'Login', 'System user login as Administrator', '2018-04-28 01:35:50'),
(1000208, 'TORRES, JIK', 'Login', 'System user login as Administrator', '2018-05-01 10:18:15'),
(1000209, 'TORRES, JIK', 'Add', 'New%20payment%20added%20to%20Loan%20ID:%20L10027%20of%20Client:%20TORRES%20JESSA%20MAE', '2018-05-01 10:19:19'),
(1000210, 'TORRES, JIK', 'Login', 'System user login as Administrator', '2018-05-01 22:09:28'),
(1000211, 'TORRES, JIK', 'Login', 'System user login as Administrator', '2018-05-02 22:44:21'),
(1000212, 'TORRES, JIK', 'Login', 'System user login as Administrator', '2018-05-03 22:46:01'),
(1000213, 'TORRES, JIK', 'Add', 'New%20payment%20added%20to%20Loan%20ID:%20L10030%20of%20Client:%20ZABATE%20KAREN%20JANE', '2018-05-03 22:54:27'),
(1000214, 'TORRES, JIK', 'Add', 'New%20payment%20added%20to%20Loan%20ID:%20L10031%20of%20Client:%20BIWANG%20JUHAIRY', '2018-05-03 23:00:19'),
(1000215, 'TORRES, JIK', 'Add', 'New%20payment%20added%20to%20Loan%20ID:%20L10026%20of%20Client:%20CABANG%20REYSEL', '2018-05-03 23:07:25'),
(1000216, 'TORRES, JIK', 'Update', 'New%20loan%20adjustment%20to%20Loan%20ID:%20L10009%20of%20Client:%20ALDERITE%20ROSE%20ANN', '2018-05-03 23:15:51'),
(1000217, 'TORRES, JIK', 'Update', 'Transaction%20updated%20T100097%20of%20Client:%20ALDERITE%20ROSE%20ANN', '2018-05-03 23:16:36'),
(1000218, 'TORRES, JIK', 'Add', 'New%20interest%20added%20to%20Loan%20ID:%20L10009%20of%20Client:%20ALDERITE%20ROSE%20ANN', '2018-05-03 23:17:26'),
(1000219, 'TORRES, JIK', 'Login', 'System user login as Administrator', '2018-05-05 22:21:08'),
(1000220, 'TORRES, JIK', 'Login', 'System user login as Administrator', '2018-05-08 10:02:16'),
(1000221, 'TORRES, JIK', 'Add', 'New%20schedule%20added:%20Bint%20partial%20payment', '2018-05-08 10:11:09'),
(1000222, 'TORRES, JIK', 'Add', 'New%20schedule%20added:%20VXI%20-%20SM%20Ecoland%20Payday', '2018-05-08 10:12:12'),
(1000223, 'TORRES, JIK', 'Add', 'New%20schedule%20added:%20Yanny%20payment', '2018-05-08 10:15:22'),
(1000224, 'TORRES, JIK', 'Login', 'System user login as Administrator', '2018-05-08 17:21:52'),
(1000225, 'TORRES, JIK', 'Login', 'System user login as Administrator', '2018-05-09 09:00:34'),
(1000226, 'TORRES, JIK', 'Logout', 'System user logout as Administrator', '2018-05-09 10:57:51'),
(1000227, 'TORRES, JIK', 'Login', 'System user login as Administrator', '2018-05-09 11:51:17'),
(1000228, 'TORRES, JIK', 'Login', 'System user login as Administrator', '2018-05-10 09:06:00'),
(1000229, 'TORRES, JIK', 'Login', 'System user login as Administrator', '2018-05-10 16:45:56'),
(1000230, 'Lastdmin, Admin', 'Add', 'New%20payment%20added%20to%20Loan%20ID:%20L10028%20of%20Client:%20BAYANI%20ESNEYRA', '2018-05-10 17:34:48'),
(1000231, 'Lastdmin, Admin', 'Add', 'New%20payment%20added%20to%20Loan%20ID:%20L10023%20of%20Client:%20BAYANI%20ESNEYRA', '2018-05-10 17:35:46'),
(1000232, 'TORRES, JIK', 'Login', 'System user login as Administrator', '2018-05-11 09:10:13'),
(1000233, 'TORRES, JIK', 'Login', 'System user login as Administrator', '2018-05-11 23:22:34'),
(1000234, 'TORRES, JIK', 'Add', 'New%20payment%20added%20to%20Loan%20ID:%20L10017%20of%20Client:%20ABDULLAH%20FARHANA%20BINT', '2018-05-11 23:23:29'),
(1000235, 'TORRES, JIK', 'Add', 'New%20loan%20added%20to:%20C10005:%20ABDULLAH%20FARHANA%20BINT', '2018-05-11 23:24:11'),
(1000236, 'TORRES, JIK', 'Login', 'System user login as Administrator', '2018-05-12 10:20:54'),
(1000237, 'TORRES, JIK', 'Add', 'New%20loan%20added%20to:%20C10007:%20ABUNDA%20ERIKA%20ANNE', '2018-05-12 10:21:53'),
(1000238, 'TORRES, JIK', 'Login', 'System user login as Administrator', '2018-05-12 10:46:45'),
(1000239, 'TORRES, JIK', 'Login', 'System user login as Administrator', '2018-05-14 01:31:10'),
(1000240, 'TORRES, JIK', 'Add', 'New%20payment%20added%20to%20Loan%20ID:%20L10026%20of%20Client:%20CABANG%20REYSEL', '2018-05-14 01:40:59'),
(1000241, 'TORRES, JIK', 'Add', 'New%20client%20record%20added:%20Diendo%20Sherlyn', '2018-05-14 01:43:20'),
(1000242, 'TORRES, JIK', 'Update', 'Client%20updated%20C10014:%20DIENDOS%20SHERLYN', '2018-05-14 01:45:19'),
(1000243, 'TORRES, JIK', 'Update', 'Client%20updated%20C10014:%20DIENDO%20SHERLYN', '2018-05-14 01:45:24'),
(1000244, 'TORRES, JIK', 'Add', 'New%20loan%20added%20to:%20C10014:%20DIENDO%20SHERLYN', '2018-05-14 01:46:21'),
(1000245, 'TORRES, JIK', 'Login', 'System user login as Administrator', '2018-05-15 20:27:25'),
(1000246, 'TORRES, JIK', 'Login', 'System user login as Administrator', '2018-05-16 21:36:43'),
(1000247, 'TORRES, JIK', 'Add', 'New%20loan%20added%20to:%20C10009:%20BAYANI%20ESNEYRA', '2018-05-16 21:54:01'),
(1000248, 'TORRES, JIK', 'Update', 'Schedule%20updated%20S6:%20IBEX%20pay%20day', '2018-05-16 22:51:42'),
(1000249, 'TORRES, JIK', 'Update', 'Schedule%20updated%20S5:%20VXI%20-%20SM%20Ecoland%20Payday', '2018-05-16 22:53:54'),
(1000250, 'TORRES, JIK', 'Update', 'Schedule%20updated%20S6:%20IBEX%20pay%20day', '2018-05-16 22:54:03'),
(1000251, 'TORRES, JIK', 'Login', 'System user login as Administrator', '2018-05-17 09:28:17'),
(1000252, 'TORRES, JIK', 'Login', 'System user login as Administrator', '2018-05-17 09:58:27'),
(1000253, 'TORRES, JIK', 'Login', 'System user login as Administrator', '2018-05-17 12:26:24'),
(1000254, 'TORRES, JIK', 'Login', 'System user login as Administrator', '2018-05-17 20:43:40'),
(1000255, 'TORRES, JIK', 'Login', 'System user login as Administrator', '2018-05-17 20:47:46'),
(1000256, 'TORRES, JIK', 'Add', 'New%20payment%20added%20to%20Loan%20ID:%20L10031%20of%20Client:%20BIWANG%20JUHAIRY', '2018-05-17 20:48:52'),
(1000257, 'TORRES, JIK', 'Add', 'New%20interest%20added%20to%20Loan%20ID:%20L10031%20of%20Client:%20BIWANG%20JUHAIRY', '2018-05-17 20:52:52'),
(1000258, 'TORRES, JIK', 'Add', 'New%20payment%20added%20to%20Loan%20ID:%20L10030%20of%20Client:%20ZABATE%20KAREN%20JANE', '2018-05-17 20:58:51'),
(1000259, 'TORRES, JIK', 'Add', 'New%20interest%20added%20to%20Loan%20ID:%20L10030%20of%20Client:%20ZABATE%20KAREN%20JANE', '2018-05-17 20:59:24'),
(1000260, 'TORRES, JIK', 'Add', 'New%20payment%20added%20to%20Loan%20ID:%20L10009%20of%20Client:%20ALDERITE%20ROSE%20ANN', '2018-05-17 21:06:41'),
(1000261, 'TORRES, JIK', 'Add', 'New%20loan%20added%20to:%20C10003:%20ALDERITE%20ROSE%20ANN', '2018-05-17 21:09:02'),
(1000262, 'TORRES, JIK', 'Update', 'Client%20updated%20C10009:%20BAYANI%20ESNEYRA', '2018-05-17 21:29:03'),
(1000263, 'TORRES, JIK', 'Add', 'New%20schedule%20added:%20VXI%20-%20SM%20Ecoland%20Payday', '2018-05-17 21:31:27'),
(1000264, 'TORRES, JIK', 'Login', 'System user login as Administrator', '2018-05-18 09:21:02'),
(1000265, 'TORRES, JIK', 'Add', 'New%20payment%20added%20to%20Loan%20ID:%20L10034%20of%20Client:%20DIENDO%20SHERLYN', '2018-05-18 09:36:22'),
(1000266, 'TORRES, JIK', 'Login', 'System user login as Administrator', '2018-05-18 22:54:23'),
(1000267, 'TORRES, JIK', 'Login', 'System user login as Administrator', '2018-05-20 21:19:44'),
(1000268, 'TORRES, JIK', 'Add', 'New%20payment%20added%20to%20Loan%20ID:%20L10033%20of%20Client:%20ABUNDA%20ERIKA%20ANNE', '2018-05-20 21:20:50'),
(1000269, 'TORRES, JIK', 'Login', 'System user login as Administrator', '2018-05-21 08:56:37'),
(1000270, 'TORRES, JIK', 'Login', 'System user login as Administrator', '2018-05-21 15:41:38'),
(1000271, 'TORRES, JIK', 'Login', 'System user login as Administrator', '2018-05-21 22:01:44'),
(1000272, 'TORRES, JIK', 'Login', 'System user login as Administrator', '2018-05-22 11:12:22'),
(1000273, 'TORRES, JIK', 'Login', 'System user login as Administrator', '2018-05-22 11:13:16'),
(1000274, 'TORRES, JIK', 'Login', 'System user login as Administrator', '2018-05-22 11:26:29'),
(1000275, 'TORRES, JIK', 'Login', 'System user login as Administrator', '2018-05-22 21:59:40'),
(1000276, 'TORRES, JIK', 'Login', 'System user login as Administrator', '2018-05-22 22:20:42'),
(1000277, 'TORRES, JIK', 'Login', 'System user login as Administrator', '2018-05-22 22:22:20'),
(1000278, 'TORRES, JIK', 'Login', 'System user login as Administrator', '2018-05-23 09:21:03'),
(1000279, 'TORRES, JIK', 'Add', 'New%20schedule%20added:%20IBEX%20pay%20day', '2018-05-23 09:25:10'),
(1000280, 'TORRES, JIK', 'Logout', 'System user logout as Administrator', '2018-05-23 09:28:46'),
(1000281, 'TORRES, JIK', 'Login', 'System user login as Administrator', '2018-05-23 09:29:03'),
(1000282, 'TORRES, JIK', 'Login', 'System user login as Administrator', '2018-05-23 14:31:16'),
(1000283, 'TORRES, JIK', 'Login', 'System user login as Administrator', '2018-05-23 22:02:43'),
(1000284, 'TORRES, JIK', 'Add', 'New%20ATM%20bank%20added:%20Union%20Bank%20of%20the%20Philippines', '2018-05-23 22:19:31'),
(1000285, 'TORRES, JIK', 'Add', 'New%20ATM%20bank%20added:%20Philippine%20National%20Bank', '2018-05-23 22:23:40'),
(1000286, 'TORRES, JIK', 'Add', 'New%20client%20record%20added:%20Chavez%20Jomar', '2018-05-23 22:27:14'),
(1000287, 'TORRES, JIK', 'Update', 'Client%20updated%20C10015:%20Chavez%20Jomar', '2018-05-23 22:35:55'),
(1000288, 'TORRES, JIK', 'Add', 'New%20loan%20added%20to:%20C10015:%20Chavez%20Jomar', '2018-05-23 23:21:16'),
(1000289, 'TORRES, JIK', 'Update', 'Client%20updated%20C10015:%20CHAVEZZ%20JOMAR', '2018-05-23 23:30:13'),
(1000290, 'TORRES, JIK', 'Update', 'Client%20updated%20C10015:%20CHAVEZ%20JOMAR', '2018-05-23 23:30:20'),
(1000291, 'TORRES, JIK', 'Login', 'System user login as Administrator', '2018-05-24 09:25:08'),
(1000292, 'TORRES, JIK', 'Login', 'System user login as Administrator', '2018-05-24 21:53:05'),
(1000293, 'TORRES, JIK', 'Login', 'System user login as Administrator', '2018-05-25 10:47:23'),
(1000294, 'TORRES, JIK', 'Login', 'System user login as Administrator', '2018-05-25 21:30:13'),
(1000295, 'TORRES, JIK', 'Update', 'ATM%20Bank%20updated%20A105:%20Philippine%20National%20Bank%20to%20Philippine%20National%20Bank', '2018-05-25 21:37:50'),
(1000296, 'TORRES, JIK', 'Update', 'ATM%20Bank%20updated%20A105:%20Philippine%20National%20Bank%20to%20Philippine%20National%20Bank', '2018-05-25 21:38:12'),
(1000297, 'TORRES, JIK', 'Add', 'New%20payment%20added%20to%20Loan%20ID:%20L10032%20of%20Client:%20ABDULLAH%20FARHANA%20BINT', '2018-05-25 21:55:32'),
(1000298, 'TORRES, JIK', 'Add', 'New%20payment%20added%20to%20Loan%20ID:%20L10035%20of%20Client:%20BAYANI%20ESNEYRA', '2018-05-25 21:59:10'),
(1000299, 'TORRES, JIK', 'Add', 'New%20schedule%20added:%20Jomar%20Chavez%20pension%20day', '2018-05-25 22:05:26'),
(1000300, 'TORRES, JIK', 'Add', 'New%20loan%20added%20to:%20C10008:%20N', '2018-05-25 22:06:16'),
(1000301, 'TORRES, JIK', 'Login', 'System user login as Administrator', '2018-05-28 10:11:27'),
(1000302, 'TORRES, JIK', 'Update', 'Client%20updated%20C10008:%20GESTA%20JOEY%20MICHAEL', '2018-05-28 17:27:25'),
(1000303, 'TORRES, JIK', 'Login', 'System user login as Administrator', '2018-05-29 09:14:13'),
(1000304, 'TORRES, JIK', 'Add', 'New%20client%20record%20added:%20PRESENTE%20JAYRRAH%20PRAISE%20A.', '2018-05-29 12:03:39'),
(1000305, 'TORRES, JIK', 'Login', 'System user login as Administrator', '2018-05-29 20:40:22'),
(1000306, 'TORRES, JIK', 'Add', 'New%20loan%20added%20to:%20C10016:%20PRESENTE%20JAYRRAH%20PRAISE%20A.', '2018-05-29 21:10:13'),
(1000307, 'TORRES, JIK', 'Update', 'New%20capital%20adjustment', '2018-05-29 21:40:04'),
(1000308, 'TORRES, JIK', 'Login', 'System user login as Administrator', '2018-05-30 09:37:43'),
(1000309, 'TORRES, JIK', 'Update', 'Client%20updated%20C10008:%20GESTA%20JOEY%20MICHAEL', '2018-05-30 13:17:05'),
(1000310, 'TORRES, JIK', 'Login', 'System user login as Administrator', '2018-05-31 09:07:27'),
(1000311, 'TORRES, JIK', 'Login', 'System user login as Administrator', '2018-05-31 22:07:00'),
(1000312, 'TORRES, JIK', 'Add', 'New%20payment%20added%20to%20Loan%20ID:%20L10036%20of%20Client:%20ALDERITE%20ROSE%20ANN', '2018-05-31 22:37:59'),
(1000313, 'TORRES, JIK', 'Add', 'New%20payment%20added%20to%20Loan%20ID:%20L10030%20of%20Client:%20ZABATE%20KAREN%20JANE', '2018-05-31 22:39:17'),
(1000314, 'TORRES, JIK', 'Add', 'New%20payment%20added%20to%20Loan%20ID:%20L10033%20of%20Client:%20ABUNDA%20ERIKA%20ANNE', '2018-05-31 22:40:32'),
(1000315, 'TORRES, JIK', 'Add', 'New%20payment%20added%20to%20Loan%20ID:%20L10038%20of%20Client:%20GESTA%20JOEY%20MICHAEL', '2018-05-31 22:46:33'),
(1000316, 'TORRES, JIK', 'Add', 'New%20payment%20added%20to%20Loan%20ID:%20L10031%20of%20Client:%20BIWANG%20JUHAIRY', '2018-05-31 22:59:47'),
(1000317, 'TORRES, JIK', 'Add', 'New%20loan%20added%20to:%20C10013:%20BIWANG%20JUHAIRY', '2018-05-31 23:03:13'),
(1000318, 'TORRES, JIK', 'Login', 'System user login as Administrator', '2018-06-01 09:03:30'),
(1000319, 'TORRES, JIK', 'Update', 'New%20loan%20adjustment%20to%20Loan%20ID:%20L10036%20of%20Client:%20ALDERITE%20ROSE%20ANN', '2018-06-01 09:13:37'),
(1000320, 'TORRES, JIK', 'Login', 'System user login as Administrator', '2018-06-03 22:01:47'),
(1000321, 'TORRES, JIK', 'Add', 'New%20schedule%20added:%20VXI%20-%20SM%20Ecoland%20Payday', '2018-06-03 22:05:02'),
(1000322, 'TORRES, JIK', 'Update', 'Schedule%20updated%20S8:%20IBEX%20pay%20day', '2018-06-03 22:06:22'),
(1000323, 'TORRES, JIK', 'Update', 'New%20capital%20adjustment', '2018-06-03 22:17:01'),
(1000324, 'TORRES, JIK', 'Login', 'System user login as Administrator', '2018-06-04 09:38:10'),
(1000325, 'TORRES, JIK', 'Login', 'System user login as Administrator', '2018-06-04 22:09:59'),
(1000326, 'TORRES, JIK', 'Update', 'Client%20updated%20C10005:%20ABDULLAH%20FARHANA%20BINT', '2018-06-04 22:18:54'),
(1000327, 'TORRES, JIK', 'Login', 'System user login as Administrator', '2018-06-05 20:14:58'),
(1000328, 'TORRES, JIK', 'Add', 'New%20payment%20added%20to%20Loan%20ID:%20L10037%20of%20Client:%20CHAVEZ%20JOMAR', '2018-06-05 20:19:33'),
(1000329, 'TORRES, JIK', 'Login', 'System user login as Administrator', '2018-06-06 21:59:17'),
(1000330, 'TORRES, JIK', 'Add', 'New%20payment%20added%20to%20Loan%20ID:%20L10036%20of%20Client:%20ALDERITE%20ROSE%20ANN', '2018-06-06 22:00:34'),
(1000331, 'TORRES, JIK', 'Add', 'New%20payment%20added%20to%20Loan%20ID:%20L10030%20of%20Client:%20ZABATE%20KAREN%20JANE', '2018-06-06 22:05:48'),
(1000332, 'TORRES, JIK', 'Add', 'New%20loan%20added%20to:%20C10004:%20ZABATE%20KAREN%20JANE', '2018-06-06 22:08:07'),
(1000333, 'TORRES, JIK', 'Login', 'System user login as Administrator', '2018-06-08 22:55:59'),
(1000334, 'TORRES, JIK', 'Add', 'New%20payment%20added%20to%20Loan%20ID:%20L10032%20of%20Client:%20ABDULLAH%20FARHANA%20BINT', '2018-06-08 23:14:39'),
(1000335, 'TORRES, JIK', 'Login', 'System user login as Administrator', '2018-06-09 21:30:21'),
(1000336, 'TORRES, JIK', 'Add', 'New%20client%20record%20added:%20PADILLA%20SHAHANA%20ROSE', '2018-06-09 21:44:25'),
(1000337, 'TORRES, JIK', 'Update', 'Client%20updated%20C10017:%20PADILLA%20SHAHANA%20ROSE', '2018-06-09 21:45:29'),
(1000338, 'TORRES, JIK', 'Add', 'New%20loan%20added%20to:%20C10017:%20PADILLA%20SHAHANA%20ROSE', '2018-06-09 21:53:25'),
(1000339, 'TORRES, JIK', 'Update', 'New%20capital%20adjustment', '2018-06-09 21:57:35'),
(1000340, 'TORRES, JIK', 'Login', 'System user login as Administrator', '2018-06-10 01:11:29'),
(1000341, 'TORRES, JIK', 'Update', 'Client%20updated%20C10005:%20ABDULLAH%20FARHANA%20BINT', '2018-06-10 01:12:20'),
(1000342, 'TORRES, JIK', 'Update', 'Client%20updated%20C10009:%20BAYANI%20ESNEYRA', '2018-06-10 01:12:39'),
(1000343, 'TORRES, JIK', 'Update', 'Client%20updated%20C10014:%20DIENDO%20SHERLYN', '2018-06-10 01:13:06'),
(1000344, 'TORRES, JIK', 'Login', 'System user login as Administrator', '2018-06-10 14:52:52'),
(1000345, 'TORRES, JIK', 'Login', 'System user login as Administrator', '2018-06-12 19:07:48'),
(1000346, 'TORRES, JIK', 'Add', 'New%20loan%20added%20to:%20C10005:%20ABDULLAH%20FARHANA%20BINT', '2018-06-12 19:28:04'),
(1000347, 'TORRES, JIK', 'Update', 'Schedule%20updated%20S10:%20VXI%20-%20SM%20Ecoland%20Payday', '2018-06-12 19:34:43'),
(1000348, 'TORRES, JIK', 'Add', 'New%20schedule%20added:%20IBEX%20pay%20day', '2018-06-12 19:36:04'),
(1000349, 'TORRES, JIK', 'Login', 'System user login as Administrator', '2018-06-13 23:25:43'),
(1000350, 'TORRES, JIK', 'Login', 'System user login as Administrator', '2018-06-14 21:28:28'),
(1000351, 'TORRES, JIK', 'Add', 'New%20client%20record%20added:%20GABORNO%20JESSA%20MAE', '2018-06-14 22:31:46'),
(1000352, 'TORRES, JIK', 'Add', 'New%20client%20record%20added:%20CLARKSON%20JESSICA', '2018-06-14 22:34:21'),
(1000353, 'TORRES, JIK', 'Update', 'Client%20updated%20C10019:%20CLARKSON%20JESSICA', '2018-06-14 22:34:44'),
(1000354, 'TORRES, JIK', 'Add', 'New%20payment%20added%20to%20Loan%20ID:%20L10040%20of%20Client:%20BIWANG%20JUHAIRY', '2018-06-14 23:06:48'),
(1000355, 'TORRES, JIK', 'Add', 'New%20payment%20added%20to%20Loan%20ID:%20L10041%20of%20Client:%20ZABATE%20KAREN%20JANE', '2018-06-14 23:08:09'),
(1000356, 'TORRES, JIK', 'Add', 'New%20payment%20added%20to%20Loan%20ID:%20L10038%20of%20Client:%20GESTA%20JOEY%20MICHAEL', '2018-06-14 23:09:03'),
(1000357, 'TORRES, JIK', 'Add', 'New%20loan%20added%20to:%20C10018:%20GABORNO%20JESSA%20MAE', '2018-06-14 23:14:58'),
(1000358, 'TORRES, JIK', 'Add', 'New%20loan%20added%20to:%20C10019:%20CLARKSON%20JESSICA', '2018-06-14 23:15:36'),
(1000359, 'TORRES, JIK', 'Add', 'New%20loan%20added%20to:%20C10009:%20BAYANI%20ESNEYRA', '2018-06-14 23:17:04'),
(1000360, 'TORRES, JIK', 'Update', 'New%20capital%20adjustment', '2018-06-14 23:52:31'),
(1000361, 'TORRES, JIK', 'Update', 'Capital%20adjustment%20updated%20to:%20P10004', '2018-06-14 23:52:44'),
(1000362, 'TORRES, JIK', 'Update', 'Capital%20adjustment%20updated%20to:%20P10005', '2018-06-14 23:53:14'),
(1000363, 'TORRES, JIK', 'Login', 'System user login as Administrator', '2018-06-15 18:56:05'),
(1000364, 'TORRES, JIK', 'Login', 'System user login as Administrator', '2018-06-15 21:05:04'),
(1000365, 'TORRES, JIK', 'Login', 'System user login as Administrator', '2018-06-17 22:55:28'),
(1000366, 'TORRES, JIK', 'Login', 'System user login as Administrator', '2018-06-20 09:31:08'),
(1000367, 'TORRES, JIK', 'Add', 'New%20loan%20added%20to:%20C10008:%20GESTA%20JOEY%20MICHAEL', '2018-06-20 09:35:42'),
(1000368, 'TORRES, JIK', 'Update', 'New%20capital%20adjustment', '2018-06-20 09:40:18'),
(1000369, 'TORRES, JIK', 'Update', 'Capital%20adjustment%20updated%20to:%20P10006', '2018-06-20 09:45:19'),
(1000370, 'TORRES, JIK', 'Login', 'System user login as Administrator', '2018-06-20 15:44:34'),
(1000371, 'TORRES, JIK', 'Login', 'System user login as Administrator', '2018-06-20 21:04:39'),
(1000372, 'TORRES, JIK', 'Update', 'Schedule%20updated%20S11:%20IBEX%20pay%20day', '2018-06-20 21:44:09'),
(1000373, 'TORRES, JIK', 'Add', 'New%20schedule%20added:%20VXI%20-%20SM%20Ecoland%20Payday', '2018-06-20 21:44:44'),
(1000374, 'TORRES, JIK', 'Login', 'System user login as Administrator', '2018-06-21 16:11:53'),
(1000375, 'TORRES, JIK', 'Login', 'System user login as Administrator', '2018-06-21 16:23:25'),
(1000376, 'TORRES, JIK', 'Login', 'System user login as Administrator', '2018-06-22 01:10:39'),
(1000377, 'TORRES, JIK', 'Login', 'System user login as Administrator', '2018-06-22 01:56:20'),
(1000378, 'TORRES, JIK', 'Logout', 'System user logout as Administrator', '2018-06-22 02:03:47'),
(1000379, 'TORRES, JIK', 'Login', 'System user login as Administrator', '2018-06-22 02:04:05'),
(1000380, 'TORRES, JIK', 'Login', 'System user login as Administrator', '2018-06-22 02:08:45'),
(1000381, 'TORRES, JIK', 'Add', 'New%20loan%20added%20to:%20C10007:%20ABUNDA%20ERIKA%20ANNE', '2018-06-22 02:10:37'),
(1000382, 'TORRES, JIK', 'Login', 'System user login as Administrator', '2018-06-22 05:53:39'),
(1000383, 'TORRES, JIK', 'Add', 'New%20schedule%20added:%20IBEX%20payday', '2018-06-22 06:20:33'),
(1000384, 'TORRES, JIK', 'Login', 'System user login as Administrator', '2018-06-24 13:50:41'),
(1000385, 'TORRES, JIK', 'Login', 'System user login as Administrator', '2018-06-25 03:37:09'),
(1000386, 'TORRES, JIK', 'Add', 'New%20payment%20added%20to%20Loan%20ID:%20L10043%20of%20Client:%20ABDULLAH%20FARHANA%20BINT', '2018-06-25 04:04:43'),
(1000387, 'TORRES, JIK', 'Add', 'New%20payment%20added%20to%20Loan%20ID:%20L10045%20of%20Client:%20CLARKSON%20JESSICA', '2018-06-25 04:29:34'),
(1000388, 'TORRES, JIK', 'Update', 'Transaction%20updated%20T100143%20of%20Client:%20CLARKSON%20JESSICA', '2018-06-25 04:29:54'),
(1000389, 'TORRES, JIK', 'Add', 'New%20payment%20added%20to%20Loan%20ID:%20L10044%20of%20Client:%20GABORNO%20JESSA%20MAE', '2018-06-25 04:32:15'),
(1000390, 'TORRES, JIK', 'Add', 'New%20loan%20added%20to:%20C10018:%20GABORNO%20JESSA%20MAE', '2018-06-25 04:32:40'),
(1000391, 'TORRES, JIK', 'Add', 'New%20payment%20added%20to%20Loan%20ID:%20L10042%20of%20Client:%20PADILLA%20SHAHANA%20ROSE', '2018-06-25 04:38:48'),
(1000392, 'TORRES, JIK', 'Add', 'New%20loan%20added%20to:%20C10017:%20PADILLA%20SHAHANA%20ROSE', '2018-06-25 04:39:48'),
(1000393, 'TORRES, JIK', 'Login', 'System user login as Administrator', '2018-06-25 14:12:30'),
(1000394, 'TORRES, JIK', 'Add', 'New%20payment%20added%20to%20Loan%20ID:%20L10046%20of%20Client:%20BAYANI%20ESNEYRA', '2018-06-25 14:35:42'),
(1000395, 'TORRES, JIK', 'Add', 'New%20payment%20added%20to%20Loan%20ID:%20L10039%20of%20Client:%20PRESENTE%20JAYRRAH%20PRAISE%20A.', '2018-06-25 14:40:31'),
(1000396, 'TORRES, JIK', 'Add', 'New%20loan%20added%20to:%20C10016:%20PRESENTE%20JAYRRAH%20PRAISE%20A.', '2018-06-25 14:41:37'),
(1000397, 'TORRES, JIK', 'Add', 'New%20loan%20added%20to:%20C10007:%20ABUNDA%20ERIKA%20ANNE', '2018-06-25 14:47:48'),
(1000398, 'TORRES, JIK', 'Login', 'System user login as Administrator', '2018-06-26 01:19:59'),
(1000399, 'TORRES, JIK', 'Add', 'New%20schedule%20added:%20VXI%20-%20SM%20Ecoland%20Payday', '2018-06-26 01:23:11'),
(1000400, 'TORRES, JIK', 'Login', 'System user login as Administrator', '2018-06-26 05:54:12'),
(1000401, 'TORRES, JIK', 'Login', 'System user login as Administrator', '2018-06-26 09:48:19'),
(1000402, 'TORRES, JIK', 'Add', 'New%20client%20record%20added:%20CAYANONG%20GENEFLOR', '2018-06-26 09:51:14'),
(1000403, 'TORRES, JIK', 'Add', 'New%20loan%20added%20to:%20C10020:%20CAYANONG%20GENEFLOR', '2018-06-26 09:55:22'),
(1000404, 'TORRES, JIK', 'Update', 'Client%20updated%20C10020:%20CAYANONG%20GENEFLOR', '2018-06-26 09:56:26'),
(1000405, 'TORRES, JIK', 'Logout', 'System user logout as Administrator', '2018-06-26 10:00:34'),
(1000406, 'TORRES, JIK', 'Login', 'System user login as Administrator', '2018-06-26 14:58:27'),
(1000407, 'TORRES, JIK', 'Login', 'System user login as Administrator', '2018-06-27 14:19:56'),
(1000408, 'TORRES, JIK', 'Login', 'System user login as Administrator', '2018-06-28 01:08:42'),
(1000409, 'TORRES, JIK', 'Login', 'System user login as Administrator', '2018-06-28 14:25:12'),
(1000410, 'TORRES, JIK', 'Add', 'New%20payment%20added%20to%20Loan%20ID:%20L10041%20of%20Client:%20ZABATE%20KAREN%20JANE', '2018-06-28 14:30:07'),
(1000411, 'TORRES, JIK', 'Add', 'New%20interest%20added%20to%20Loan%20ID:%20L10041%20of%20Client:%20ZABATE%20KAREN%20JANE', '2018-06-28 14:33:27'),
(1000412, 'TORRES, JIK', 'Add', 'New%20payment%20added%20to%20Loan%20ID:%20L10040%20of%20Client:%20BIWANG%20JUHAIRY', '2018-06-28 14:36:28'),
(1000413, 'TORRES, JIK', 'Add', 'New%20payment%20added%20to%20Loan%20ID:%20L10048%20of%20Client:%20ABUNDA%20ERIKA%20ANNE', '2018-06-28 14:42:44'),
(1000414, 'TORRES, JIK', 'Add', 'New%20payment%20added%20to%20Loan%20ID:%20L10047%20of%20Client:%20GESTA%20JOEY%20MICHAEL', '2018-06-28 14:45:52'),
(1000415, 'TORRES, JIK', 'Login', 'System user login as Administrator', '2018-06-29 01:08:14'),
(1000416, 'TORRES, JIK', 'Login', 'System user login as Administrator', '2018-06-29 07:39:49'),
(1000417, 'TORRES, JIK', 'Login', 'System user login as Administrator', '2018-07-01 08:01:30'),
(1000418, 'TORRES, JIK', 'Add', 'New%20client%20record%20added:%20CABANG%20ROSEY%20ANDREA', '2018-07-01 08:32:24'),
(1000419, 'TORRES, JIK', 'Add', 'New%20company%20added:%20Fubu%20-%20SM%20City%20Davao', '2018-07-01 08:37:22'),
(1000420, 'TORRES, JIK', 'Update', 'Company%20updated%20J106:%20Fubu%20-%20SM%20City%20Davao%20to%20Fubu%20-%20SM%20City%20Davao', '2018-07-01 08:37:42'),
(1000421, 'TORRES, JIK', 'Update', 'Client%20updated%20C10005:%20ABDULLAH%20FARHANA%20BINT', '2018-07-01 08:38:30'),
(1000422, 'TORRES, JIK', 'Add', 'New%20ATM%20bank%20added:%20CTBC%20Bank', '2018-07-01 08:40:52'),
(1000423, 'TORRES, JIK', 'Update', 'ATM%20Bank%20updated%20A106:%20CTBC%20Bank%20to%20CTBC%20Bank', '2018-07-01 08:41:11'),
(1000424, 'TORRES, JIK', 'Add', 'New%20loan%20added%20to:%20C10021:%20CABANG%20ROSEY%20ANDREA', '2018-07-01 08:49:23'),
(1000425, 'TORRES, JIK', 'Update', 'Loan%20updated%20to:%20C10021:%20CABANG%20ROSEY%20ANDREA', '2018-07-01 08:49:34'),
(1000426, 'TORRES, JIK', 'Add', 'New%20schedule%20added:%20Rosey%20Cabang%20payment', '2018-07-01 08:55:50'),
(1000427, 'TORRES, JIK', 'Add', 'New%20schedule%20added:%20Geneflor%20Payment', '2018-07-01 08:56:49'),
(1000428, 'TORRES, JIK', 'Update', 'Schedule%20updated%20S16:%20Geneflor%20Cayanong%20Payment', '2018-07-01 08:57:06'),
(1000429, 'TORRES, JIK', 'Update', 'ATM%20Bank%20updated%20A106:%20CTBC%20Bank%20to%20CTBC%20Bank', '2018-07-01 09:01:21'),
(1000430, 'TORRES, JIK', 'Login', 'System user login as Administrator', '2018-07-02 01:47:20'),
(1000431, 'TORRES, JIK', 'Login', 'System user login as Administrator', '2018-07-03 01:39:46');
INSERT INTO `logs` (`log_id`, `user_fullname`, `log_type`, `details`, `date_time`) VALUES
(1000432, 'TORRES, JIK', 'Login', 'System user login as Administrator', '2018-07-04 03:26:02'),
(1000433, 'TORRES, JIK', 'Add', 'New%20loan%20added%20to:%20C10009:%20BAYANI%20ESNEYRA', '2018-07-04 04:07:35'),
(1000434, 'TORRES, JIK', 'Update', 'New%20loan%20adjustment%20to%20Loan%20ID:%20L10055%20of%20Client:%20BAYANI%20ESNEYRA', '2018-07-04 04:09:01'),
(1000435, 'TORRES, JIK', 'Add', 'New%20payment%20added%20to%20Loan%20ID:%20L10055%20of%20Client:%20BAYANI%20ESNEYRA', '2018-07-04 04:31:35'),
(1000436, 'TORRES, JIK', 'Update', 'New%20loan%20adjustment%20to%20Loan%20ID:%20L10055%20of%20Client:%20BAYANI%20ESNEYRA', '2018-07-04 04:32:00'),
(1000437, 'TORRES, JIK', 'Add', 'New%20interest%20added%20to%20Loan%20ID:%20L10055%20of%20Client:%20BAYANI%20ESNEYRA', '2018-07-04 04:32:23'),
(1000438, 'TORRES, JIK', 'Login', 'System user login as Administrator', '2018-07-05 03:01:31'),
(1000439, 'TORRES, JIK', 'Add', 'New%20payment%20added%20to%20Loan%20ID:%20L10054%20of%20Client:%20CABANG%20ROSEY%20ANDREA', '2018-07-05 03:03:25'),
(1000440, 'TORRES, JIK', 'Login', 'System user login as Administrator', '2018-07-05 06:32:47'),
(1000441, 'TORRES, JIK', 'Login', 'System user login as Administrator', '2018-07-05 10:28:31'),
(1000442, 'TORRES, JIK', 'Login', 'System user login as Administrator', '2018-07-06 01:09:18'),
(1000443, 'TORRES, JIK', 'Login', 'System user login as Administrator', '2018-07-06 06:34:46'),
(1000444, 'TORRES, JIK', 'Login', 'System user login as Administrator', '2018-07-09 01:10:36'),
(1000445, 'TORRES, JIK', 'Login', 'System user login as Administrator', '2018-07-09 06:10:59'),
(1000446, 'TORRES, JIK', 'Login', 'System user login as Administrator', '2018-07-09 14:25:51'),
(1000447, 'TORRES, JIK', 'Login', 'System user login as Administrator', '2018-07-10 01:43:07'),
(1000448, 'TORRES, JIK', 'Add', 'New%20payment%20added%20to%20Loan%20ID:%20L10045%20of%20Client:%20CLARKSON%20JESSICA', '2018-07-10 01:52:10'),
(1000449, 'TORRES, JIK', 'Add', 'New%20loan%20added%20to:%20C10019:%20CLARKSON%20JESSICA', '2018-07-10 01:53:19'),
(1000450, 'TORRES, JIK', 'Add', 'New%20payment%20added%20to%20Loan%20ID:%20L10049%20of%20Client:%20GABORNO%20JESSA%20MAE', '2018-07-10 01:55:47'),
(1000451, 'TORRES, JIK', 'Add', 'New%20payment%20added%20to%20Loan%20ID:%20L10050%20of%20Client:%20PADILLA%20SHAHANA%20ROSE', '2018-07-10 01:58:07'),
(1000452, 'TORRES, JIK', 'Add', 'New%20loan%20added%20to:%20C10017:%20PADILLA%20SHAHANA%20ROSE', '2018-07-10 01:59:07'),
(1000453, 'TORRES, JIK', 'Add', 'New%20payment%20added%20to%20Loan%20ID:%20L10043%20of%20Client:%20ABDULLAH%20FARHANA%20BINT', '2018-07-10 02:01:59'),
(1000454, 'TORRES, JIK', 'Add', 'New%20client%20record%20added:%20CARIM%20MARY%20JASMIN', '2018-07-10 02:21:39'),
(1000455, 'TORRES, JIK', 'Add', 'New%20loan%20added%20to:%20C10022:%20CARIM%20MARY%20JASMIN', '2018-07-10 02:38:04'),
(1000456, 'TORRES, JIK', 'Login', 'System user login as Administrator', '2018-07-10 12:42:29'),
(1000457, 'TORRES, JIK', 'Add', 'New%20payment%20added%20to%20Loan%20ID:%20L10051%20of%20Client:%20PRESENTE%20JAYRRAH%20PRAISE%20A.', '2018-07-10 12:49:42'),
(1000458, 'TORRES, JIK', 'Update', 'New%20capital%20adjustment', '2018-07-10 13:08:45'),
(1000459, 'TORRES, JIK', 'Add', 'New%20schedule%20added:%20Rosey%20Cabang%202nd%20payment', '2018-07-10 13:26:51'),
(1000460, 'TORRES, JIK', 'Add', 'New%20schedule%20added:%20IBEX%20pay%20day', '2018-07-10 13:28:24'),
(1000461, 'TORRES, JIK', 'Login', 'System user login as Administrator', '2018-07-11 01:08:39'),
(1000462, 'TORRES, JIK', 'Login', 'System user login as Administrator', '2018-07-12 07:53:59'),
(1000463, 'TORRES, JIK', 'Login', 'System user login as Administrator', '2018-07-13 01:04:22'),
(1000464, 'TORRES, JIK', 'Add', 'New%20payment%20added%20to%20Loan%20ID:%20L10040%20of%20Client:%20BIWANG%20JUHAIRY', '2018-07-13 01:07:40'),
(1000465, 'TORRES, JIK', 'Add', 'New%20payment%20added%20to%20Loan%20ID:%20L10047%20of%20Client:%20GESTA%20JOEY%20MICHAEL', '2018-07-13 01:08:31'),
(1000466, 'TORRES, JIK', 'Add', 'New%20payment%20added%20to%20Loan%20ID:%20L10041%20of%20Client:%20ZABATE%20KAREN%20JANE', '2018-07-13 01:10:01'),
(1000467, 'TORRES, JIK', 'Add', 'New%20loan%20added%20to:%20C10004:%20ZABATE%20KAREN%20JANE', '2018-07-13 01:11:45'),
(1000468, 'TORRES, JIK', 'Update', 'Loan%20updated%20to:%20C10004:%20ZABATE%20KAREN%20JANE', '2018-07-13 01:12:26'),
(1000469, 'TORRES, JIK', 'Login', 'System user login as Administrator', '2018-07-13 03:47:33'),
(1000470, 'TORRES, JIK', 'Login', 'System user login as Administrator', '2018-07-13 05:54:43'),
(1000471, 'TORRES, JIK', 'Update', 'New%20loan%20adjustment%20to%20Loan%20ID:%20L10057%20of%20Client:%20PADILLA%20SHAHANA%20ROSE', '2018-07-13 05:55:59'),
(1000472, 'TORRES, JIK', 'Login', 'System user login as Administrator', '2018-07-15 17:51:45'),
(1000473, 'TORRES, JIK', 'Add', 'New%20schedule%20added:%20VXI%20-%20SM%20Ecoland%20Payday', '2018-07-15 17:54:24'),
(1000474, 'TORRES, JIK', 'Add', 'New%20loan%20added%20to:%20C10008:%20GESTA%20JOEY%20MICHAEL', '2018-07-15 17:58:36'),
(1000475, 'TORRES, JIK', 'Login', 'System user login as Administrator', '2018-07-16 01:22:58'),
(1000476, 'TORRES, JIK', 'Login', 'System user login as Administrator', '2018-07-17 01:06:07'),
(1000477, 'TORRES, JIK', 'Login', 'System user login as Administrator', '2018-07-17 06:23:51'),
(1000478, 'TORRES, JIK', 'Add', 'New%20payment%20added%20to%20Loan%20ID:%20L10052%20of%20Client:%20ABUNDA%20ERIKA%20ANNE', '2018-07-17 06:25:51'),
(1000479, 'TORRES, JIK', 'Add', 'New%20interest%20added%20to%20Loan%20ID:%20L10052%20of%20Client:%20ABUNDA%20ERIKA%20ANNE', '2018-07-17 06:29:46'),
(1000480, 'TORRES, JIK', 'Login', 'System user login as Administrator', '2018-07-17 12:57:31'),
(1000481, 'TORRES, JIK', 'Add', 'New%20payment%20added%20to%20Loan%20ID:%20L10053%20of%20Client:%20CAYANONG%20GENEFLOR', '2018-07-17 13:19:39'),
(1000482, 'TORRES, JIK', 'Add', 'New%20payment%20added%20to%20Loan%20ID:%20L10040%20of%20Client:%20BIWANG%20JUHAIRY', '2018-07-17 13:57:07'),
(1000483, 'TORRES, JIK', 'Add', 'New%20loan%20added%20to:%20C10013:%20BIWANG%20JUHAIRY', '2018-07-17 13:57:36'),
(1000484, 'TORRES, JIK', 'Login', 'System user login as Administrator', '2018-07-18 01:06:23'),
(1000485, 'TORRES, JIK', 'Login', 'System user login as Administrator', '2018-07-19 14:55:00'),
(1000486, 'TORRES, JIK', 'Login', 'System user login as Administrator', '2018-07-20 01:15:59'),
(1000487, 'TORRES, JIK', 'Add', 'New%20payment%20added%20to%20Loan%20ID:%20L10054%20of%20Client:%20CABANG%20ROSEY%20ANDREA', '2018-07-20 01:17:11'),
(1000488, 'TORRES, JIK', 'Add', 'New%20interest%20added%20to%20Loan%20ID:%20L10054%20of%20Client:%20CABANG%20ROSEY%20ANDREA', '2018-07-20 01:18:08'),
(1000489, 'TORRES, JIK', 'Add', 'New%20loan%20added%20to:%20C10003:%20ALDERITE%20ROSE%20ANN', '2018-07-20 01:26:22'),
(1000490, 'TORRES, JIK', 'Login', 'System user login as Administrator', '2018-07-20 15:03:19'),
(1000491, 'TORRES, JIK', 'Update', 'Client%20updated%20C10011:%20CABANG%20RUSSEL', '2018-07-20 16:01:04'),
(1000492, 'TORRES, JIK', 'Update', 'Client%20updated%20C10019:%20CLARKSON%20JESSICA', '2018-07-20 16:12:09'),
(1000493, 'TORRES, JIK', 'Login', 'System user login as Administrator', '2018-07-21 17:22:34'),
(1000494, 'TORRES, JIK', 'Add', 'New%20schedule%20added:%20Rosey%20Cabang%203rd%20payment', '2018-07-21 17:24:31'),
(1000495, 'TORRES, JIK', 'Login', 'System user login as Administrator', '2018-07-22 15:19:51'),
(1000496, 'TORRES, JIK', 'Login', 'System user login as Administrator', '2018-07-23 01:31:25'),
(1000497, 'TORRES, JIK', 'Login', 'System user login as Administrator', '2018-07-24 01:42:39'),
(1000498, 'TORRES, JIK', 'Login', 'System user login as Administrator', '2018-07-24 04:59:37'),
(1000499, 'TORRES, JIK', 'Login', 'System user login as Administrator', '2018-07-24 13:09:52'),
(1000500, 'TORRES, JIK', 'Login', 'System user login as Administrator', '2018-07-25 01:30:56'),
(1000501, 'TORRES, JIK', 'Add', 'New%20payment%20added%20to%20Loan%20ID:%20L10057%20of%20Client:%20PADILLA%20SHAHANA%20ROSE', '2018-07-25 01:46:35'),
(1000502, 'TORRES, JIK', 'Add', 'New%20interest%20added%20to%20Loan%20ID:%20L10057%20of%20Client:%20PADILLA%20SHAHANA%20ROSE', '2018-07-25 02:02:45'),
(1000503, 'TORRES, JIK', 'Add', 'New%20payment%20added%20to%20Loan%20ID:%20L10049%20of%20Client:%20GABORNO%20JESSA%20MAE', '2018-07-25 02:10:01'),
(1000504, 'TORRES, JIK', 'Add', 'New%20loan%20added%20to:%20C10018:%20GABORNO%20JESSA%20MAE', '2018-07-25 02:10:49'),
(1000505, 'TORRES, JIK', 'Add', 'New%20payment%20added%20to%20Loan%20ID:%20L10056%20of%20Client:%20CLARKSON%20JESSICA', '2018-07-25 02:12:49'),
(1000506, 'TORRES, JIK', 'Add', 'New%20payment%20added%20to%20Loan%20ID:%20L10058%20of%20Client:%20CARIM%20MARY%20JASMIN', '2018-07-25 02:15:15'),
(1000507, 'TORRES, JIK', 'Add', 'New%20loan%20added%20to:%20C10022:%20CARIM%20MARY%20JASMIN', '2018-07-25 02:16:03'),
(1000508, 'TORRES, JIK', 'Login', 'System user login as Administrator', '2018-07-26 01:15:36'),
(1000509, 'TORRES, JIK', 'Add', 'New%20schedule%20added:%20IBEX%20payday', '2018-07-26 02:07:13'),
(1000510, 'TORRES, JIK', 'Add', 'New%20schedule%20added:%20VXI%20-%20SM%20Ecoland%20Payday', '2018-07-26 02:08:23'),
(1000511, 'TORRES, JIK', 'Login', 'System user login as Administrator', '2018-07-26 13:15:26'),
(1000512, 'TORRES, JIK', 'Add', 'New%20payment%20added%20to%20Loan%20ID:%20L10055%20of%20Client:%20BAYANI%20ESNEYRA', '2018-07-26 13:28:44'),
(1000513, 'TORRES, JIK', 'Add', 'New%20payment%20added%20to%20Loan%20ID:%20L10041%20of%20Client:%20ZABATE%20KAREN%20JANE', '2018-07-26 13:30:46'),
(1000514, 'TORRES, JIK', 'Add', 'New%20payment%20added%20to%20Loan%20ID:%20L10060%20of%20Client:%20GESTA%20JOEY%20MICHAEL', '2018-07-26 13:34:48'),
(1000515, 'TORRES, JIK', 'Add', 'New%20payment%20added%20to%20Loan%20ID:%20L10061%20of%20Client:%20BIWANG%20JUHAIRY', '2018-07-26 13:35:32'),
(1000516, 'TORRES, JIK', 'Add', 'New%20loan%20added%20to:%20C10005:%20ABDULLAH%20FARHANA%20BINT', '2018-07-26 13:38:27'),
(1000517, 'TORRES, JIK', 'Login', 'System user login as Administrator', '2018-07-27 01:13:40'),
(1000518, 'TORRES, JIK', 'Add', 'New%20interest%20added%20to%20Loan%20ID:%20L10055%20of%20Client:%20BAYANI%20ESNEYRA', '2018-07-27 01:18:21'),
(1000519, 'TORRES, JIK', 'Login', 'System user login as Administrator', '2018-07-29 14:20:33'),
(1000520, 'TORRES, JIK', 'Login', 'System user login as Administrator', '2018-07-30 01:12:09'),
(1000521, 'TORRES, JIK', 'Login', 'System user login as Administrator', '2018-07-30 05:22:29'),
(1000522, 'TORRES, JIK', 'Login', 'System user login as Administrator', '2018-07-30 05:22:30'),
(1000523, 'TORRES, JIK', 'Add', 'New%20payment%20added%20to%20Loan%20ID:%20L10048%20of%20Client:%20ABUNDA%20ERIKA%20ANNE', '2018-07-30 05:25:18'),
(1000524, 'TORRES, JIK', 'Add', 'New%20payment%20added%20to%20Loan%20ID:%20L10052%20of%20Client:%20ABUNDA%20ERIKA%20ANNE', '2018-07-30 05:26:02'),
(1000525, 'TORRES, JIK', 'Login', 'System user login as Administrator', '2018-07-30 10:14:33'),
(1000526, 'TORRES, JIK', 'Login', 'System user login as Administrator', '2018-07-30 10:14:37'),
(1000527, 'TORRES, JIK', 'Logout', 'System user logout as Administrator', '2018-07-30 10:15:23'),
(1000528, 'TORRES, JIK', 'Login', 'System user login as Administrator', '2018-07-30 13:57:02'),
(1000529, 'TORRES, JIK', 'Login', 'System user login as Administrator', '2018-07-31 01:06:05'),
(1000530, 'TORRES, JIK', 'Login', 'System user login as Administrator', '2018-07-31 05:45:26'),
(1000531, 'TORRES, JIK', 'Update', 'New%20loan%20adjustment%20to%20Loan%20ID:%20L10065%20of%20Client:%20ABDULLAH%20FARHANA%20BINT', '2018-07-31 05:47:40'),
(1000532, 'TORRES, JIK', 'Add', 'New%20interest%20added%20to%20Loan%20ID:%20L10065%20of%20Client:%20ABDULLAH%20FARHANA%20BINT', '2018-07-31 05:49:02'),
(1000533, 'TORRES, JIK', 'Logout', 'System user logout as Administrator', '2018-07-31 06:29:08'),
(1000534, 'TORRES, JIK', 'Login', 'System user login as Administrator', '2018-07-31 14:28:28'),
(1000535, 'TORRES, JIK', 'Login', 'System user login as Administrator', '2018-08-01 01:18:07'),
(1000536, 'TORRES, JIK', 'Login', 'System user login as Administrator', '2018-08-02 01:11:33'),
(1000537, 'TORRES, JIK', 'Login', 'System user login as Administrator', '2018-08-02 03:13:28'),
(1000538, 'TORRES, JIK', 'Add', 'New%20payment%20added%20to%20Loan%20ID:%20L10062%20of%20Client:%20ALDERITE%20ROSE%20ANN', '2018-08-02 03:14:04'),
(1000539, 'TORRES, JIK', 'Login', 'System user login as Administrator', '2018-08-02 10:05:24'),
(1000540, 'TORRES, JIK', 'Login', 'System user login as Administrator', '2018-08-02 11:34:35'),
(1000541, 'TORRES, JIK', 'Login', 'System user login as Administrator', '2018-08-03 05:26:38'),
(1000542, 'TORRES, JIK', 'Update', 'Client%20updated%20C10021:%20CABANG%20ROSEY%20ANDREA', '2018-08-03 05:27:39'),
(1000543, 'TORRES, JIK', 'Logout', 'System user logout as Administrator', '2018-08-03 05:31:36'),
(1000544, 'TORRES, JIK', 'Login', 'System user login as Administrator', '2018-08-06 01:09:59'),
(1000545, 'TORRES, JIK', 'Login', 'System user login as Administrator', '2018-08-06 06:49:48'),
(1000546, 'TORRES, JIK', 'Add', 'New%20payment%20added%20to%20Loan%20ID:%20L10054%20of%20Client:%20CABANG%20ROSEY%20ANDREA', '2018-08-06 06:50:44'),
(1000547, 'TORRES, JIK', 'Login', 'System user login as Administrator', '2018-08-07 01:09:20'),
(1000548, 'TORRES, JIK', 'Update', 'Client%20updated%20C10021:%20CABANG%20ROSEY%20ANDREA', '2018-08-07 01:42:37'),
(1000549, 'TORRES, JIK', 'Login', 'System user login as Administrator', '2018-08-07 14:42:22'),
(1000550, 'TORRES, JIK', 'Login', 'System user login as Administrator', '2018-08-08 01:21:36'),
(1000551, 'TORRES, JIK', 'Login', 'System user login as Administrator', '2018-08-08 10:03:15'),
(1000552, 'TORRES, JIK', 'Logout', 'System user logout as Administrator', '2018-08-08 10:04:46'),
(1000553, 'TORRES, JIK', 'Login', 'System user login as Administrator', '2018-08-09 01:13:07'),
(1000554, 'TORRES, JIK', 'Login', 'System user login as Administrator', '2018-08-09 09:19:45'),
(1000555, 'TORRES, JIK', 'Login', 'System user login as Administrator', '2018-08-09 13:44:43'),
(1000556, 'TORRES, JIK', 'Add', 'New%20payment%20added%20to%20Loan%20ID:%20L10059%20of%20Client:%20ZABATE%20KAREN%20JANE', '2018-08-09 14:11:24'),
(1000557, 'TORRES, JIK', 'Add', 'New%20payment%20added%20to%20Loan%20ID:%20L10060%20of%20Client:%20GESTA%20JOEY%20MICHAEL', '2018-08-09 14:15:34'),
(1000558, 'TORRES, JIK', 'Add', 'New%20interest%20added%20to%20Loan%20ID:%20L10060%20of%20Client:%20GESTA%20JOEY%20MICHAEL', '2018-08-09 14:15:56'),
(1000559, 'TORRES, JIK', 'Add', 'New%20payment%20added%20to%20Loan%20ID:%20L10061%20of%20Client:%20BIWANG%20JUHAIRY', '2018-08-09 14:20:24'),
(1000560, 'TORRES, JIK', 'Add', 'New%20interest%20added%20to%20Loan%20ID:%20L10061%20of%20Client:%20BIWANG%20JUHAIRY', '2018-08-09 14:23:29'),
(1000561, 'TORRES, JIK', 'Login', 'System user login as Administrator', '2018-08-10 01:49:48'),
(1000562, 'TORRES, JIK', 'Add', 'New%20payment%20added%20to%20Loan%20ID:%20L10063%20of%20Client:%20GABORNO%20JESSA%20MAE', '2018-08-10 01:54:21'),
(1000563, 'TORRES, JIK', 'Add', 'New%20loan%20added%20to:%20C10018:%20GABORNO%20JESSA%20MAE', '2018-08-10 01:55:10'),
(1000564, 'TORRES, JIK', 'Add', 'New%20payment%20added%20to%20Loan%20ID:%20L10056%20of%20Client:%20CLARKSON%20JESSICA', '2018-08-10 01:57:55'),
(1000565, 'TORRES, JIK', 'Add', 'New%20loan%20added%20to:%20C10019:%20CLARKSON%20JESSICA', '2018-08-10 01:58:12'),
(1000566, 'TORRES, JIK', 'Add', 'New%20payment%20added%20to%20Loan%20ID:%20L10064%20of%20Client:%20CARIM%20MARY%20JASMIN', '2018-08-10 01:59:22'),
(1000567, 'TORRES, JIK', 'Add', 'New%20loan%20added%20to:%20C10022:%20CARIM%20MARY%20JASMIN', '2018-08-10 01:59:50'),
(1000568, 'TORRES, JIK', 'Add', 'New%20payment%20added%20to%20Loan%20ID:%20L10055%20of%20Client:%20BAYANI%20ESNEYRA', '2018-08-10 02:01:50'),
(1000569, 'TORRES, JIK', 'Add', 'New%20loan%20added%20to:%20C10009:%20BAYANI%20ESNEYRA', '2018-08-10 02:02:24'),
(1000570, 'TORRES, JIK', 'Login', 'System user login as Administrator', '2018-08-10 03:21:31'),
(1000571, 'TORRES, JIK', 'Add', 'New%20payment%20added%20to%20Loan%20ID:%20L10057%20of%20Client:%20PADILLA%20SHAHANA%20ROSE', '2018-08-10 03:22:04'),
(1000572, 'TORRES, JIK', 'Add', 'New%20loan%20added%20to:%20C10017:%20PADILLA%20SHAHANA%20ROSE', '2018-08-10 03:22:22'),
(1000573, 'TORRES, JIK', 'Add', 'New%20payment%20added%20to%20Loan%20ID:%20L10062%20of%20Client:%20ALDERITE%20ROSE%20ANN', '2018-08-10 03:33:35'),
(1000574, 'TORRES, JIK', 'Add', 'New%20loan%20added%20to:%20C10003:%20ALDERITE%20ROSE%20ANN', '2018-08-10 03:34:02'),
(1000575, 'TORRES, JIK', 'Login', 'System user login as Administrator', '2018-08-10 10:52:08'),
(1000576, 'TORRES, JIK', 'Login', 'System user login as Administrator', '2018-08-10 15:30:05'),
(1000577, 'TORRES, JIK', 'Login', 'System user login as Administrator', '2018-08-12 03:51:22'),
(1000578, 'TORRES, JIK', 'Add', 'New%20payment%20added%20to%20Loan%20ID:%20L10065%20of%20Client:%20ABDULLAH%20FARHANA%20BINT', '2018-08-12 03:53:03'),
(1000579, 'TORRES, JIK', 'Add', 'New%20loan%20added%20to:%20C10005:%20ABDULLAH%20FARHANA%20BINT', '2018-08-12 03:54:29'),
(1000580, 'TORRES, JIK', 'Login', 'System user login as Administrator', '2018-08-13 01:11:28'),
(1000581, 'TORRES, JIK', 'Login', 'System user login as Administrator', '2018-08-13 06:13:15'),
(1000582, 'TORRES, JIK', 'Login', 'System user login as Administrator', '2018-08-14 01:08:07'),
(1000583, 'TORRES, JIK', 'Add', 'New%20schedule%20added:%20Rosey%20Cabang%20Payday', '2018-08-14 01:18:25'),
(1000584, 'TORRES, JIK', 'Add', 'New%20schedule%20added:%20VXI%20-%20SM%20Ecoland%20Payday', '2018-08-14 01:19:42'),
(1000585, 'TORRES, JIK', 'Add', 'New%20schedule%20added:%20IBEX%20payday', '2018-08-14 01:21:20'),
(1000586, 'TORRES, JIK', 'Login', 'System user login as Administrator', '2018-08-15 01:15:51'),
(1000587, 'TORRES, JIK', 'Login', 'System user login as Administrator', '2018-08-15 06:37:41'),
(1000588, 'TORRES, JIK', 'Add', 'New%20payment%20added%20to%20Loan%20ID:%20L10052%20of%20Client:%20ABUNDA%20ERIKA%20ANNE', '2018-08-15 06:39:14'),
(1000589, 'TORRES, JIK', 'Login', 'System user login as Administrator', '2018-08-15 09:57:31'),
(1000590, 'TORRES, JIK', 'Logout', 'System user logout as Administrator', '2018-08-15 09:58:07'),
(1000591, 'TORRES, JIK', 'Login', 'System user login as Administrator', '2018-08-16 01:21:23'),
(1000592, 'TORRES, JIK', 'Login', 'System user login as Administrator', '2018-08-16 01:22:59'),
(1000593, 'TORRES, JIK', 'Login', 'System user login as Administrator', '2018-08-16 04:36:28'),
(1000594, 'TORRES, JIK', 'Login', 'System user login as Administrator', '2018-08-16 09:02:29'),
(1000595, 'TORRES, JIK', 'Add', 'New%20loan%20added%20to:%20C10013:%20BIWANG%20JUHAIRY', '2018-08-16 09:10:30'),
(1000596, 'TORRES, JIK', 'Login', 'System user login as Administrator', '2018-08-16 11:12:17'),
(1000597, 'TORRES, JIK', 'Login', 'System user login as Administrator', '2018-08-16 13:01:11'),
(1000598, 'TORRES, JIK', 'Login', 'System user login as Administrator', '2018-08-17 14:08:04'),
(1000599, 'TORRES, JIK', 'Login', 'System user login as Administrator', '2018-08-20 03:42:55'),
(1000600, 'TORRES, JIK', 'Login', 'System user login as Administrator', '2018-08-20 12:52:02'),
(1000601, 'TORRES, JIK', 'Login', 'System user login as Administrator', '2018-08-20 17:24:26'),
(1000602, 'TORRES, JIK', 'Login', 'System user login as Administrator', '2018-08-21 13:18:40'),
(1000603, 'TORRES, JIK', 'Login', 'System user login as Administrator', '2018-08-22 01:58:04'),
(1000604, 'TORRES, JIK', 'Login', 'System user login as Administrator', '2018-08-22 04:43:05'),
(1000605, 'TORRES, JIK', 'Login', 'System user login as Administrator', '2018-08-22 14:26:31'),
(1000606, 'TORRES, JIK', 'Login', 'System user login as Administrator', '2018-08-23 12:36:39'),
(1000607, 'TORRES, JIK', 'Login', 'System user login as Administrator', '2018-08-23 14:46:49'),
(1000608, 'TORRES, JIK', 'Login', 'System user login as Administrator', '2018-08-23 14:48:57'),
(1000609, 'TORRES, JIK', 'Add', 'New%20payment%20added%20to%20Loan%20ID:%20L10059%20of%20Client:%20ZABATE%20KAREN%20JANE', '2018-08-23 14:56:24'),
(1000610, 'TORRES, JIK', 'Add', 'New%20loan%20added%20to:%20C10004:%20ZABATE%20KAREN%20JANE', '2018-08-23 15:00:12'),
(1000611, 'TORRES, JIK', 'Add', 'New%20payment%20added%20to%20Loan%20ID:%20L10060%20of%20Client:%20GESTA%20JOEY%20MICHAEL', '2018-08-23 15:04:21'),
(1000612, 'TORRES, JIK', 'Add', 'New%20payment%20added%20to%20Loan%20ID:%20L10073%20of%20Client:%20BIWANG%20JUHAIRY', '2018-08-23 15:09:39'),
(1000613, 'TORRES, JIK', 'Login', 'System user login as Administrator', '2018-08-24 03:57:19'),
(1000614, 'TORRES, JIK', 'Add', 'New%20payment%20added%20to%20Loan%20ID:%20L10070%20of%20Client:%20PADILLA%20SHAHANA%20ROSE', '2018-08-24 04:00:47'),
(1000615, 'TORRES, JIK', 'Add', 'New%20payment%20added%20to%20Loan%20ID:%20L10066%20of%20Client:%20GABORNO%20JESSA%20MAE', '2018-08-24 04:01:35'),
(1000616, 'TORRES, JIK', 'Add', 'New%20loan%20added%20to:%20C10018:%20GABORNO%20JESSA%20MAE', '2018-08-24 04:02:00'),
(1000617, 'TORRES, JIK', 'Add', 'New%20payment%20added%20to%20Loan%20ID:%20L10067%20of%20Client:%20CLARKSON%20JESSICA', '2018-08-24 04:02:42'),
(1000618, 'TORRES, JIK', 'Add', 'New%20payment%20added%20to%20Loan%20ID:%20L10068%20of%20Client:%20CARIM%20MARY%20JASMIN', '2018-08-24 04:03:12'),
(1000619, 'TORRES, JIK', 'Add', 'New%20loan%20added%20to:%20C10022:%20CARIM%20MARY%20JASMIN', '2018-08-24 04:03:39'),
(1000620, 'TORRES, JIK', 'Login', 'System user login as Administrator', '2018-08-24 08:40:34'),
(1000621, 'TORRES, JIK', 'Add', 'New%20payment%20added%20to%20Loan%20ID:%20L10069%20of%20Client:%20BAYANI%20ESNEYRA', '2018-08-24 08:42:17'),
(1000622, 'TORRES, JIK', 'Add', 'New%20payment%20added%20to%20Loan%20ID:%20L10072%20of%20Client:%20ABDULLAH%20FARHANA%20BINT', '2018-08-24 08:43:17'),
(1000623, 'TORRES, JIK', 'Add', 'New%20loan%20added%20to:%20C10005:%20ABDULLAH%20FARHANA%20BINT', '2018-08-24 08:44:15'),
(1000624, 'TORRES, JIK', 'Login', 'System user login as Administrator', '2018-08-26 11:12:07'),
(1000625, 'TORRES, JIK', 'Add', 'New%20payment%20added%20to%20Loan%20ID:%20L10071%20of%20Client:%20ALDERITE%20ROSE%20ANN', '2018-08-26 11:28:52'),
(1000626, 'TORRES, JIK', 'Login', 'System user login as Administrator', '2018-08-28 01:21:16'),
(1000627, 'TORRES, JIK', 'Login', 'System user login as Administrator', '2018-08-28 01:21:18'),
(1000628, 'TORRES, JIK', 'Login', 'System user login as Administrator', '2018-08-28 12:00:26'),
(1000629, 'TORRES, JIK', 'Login', 'System user login as Administrator', '2018-08-29 01:00:05'),
(1000630, 'TORRES, JIK', 'Login', 'System user login as Administrator', '2018-08-29 03:14:23'),
(1000631, 'TORRES, JIK', 'Add', 'New%20payment%20added%20to%20Loan%20ID:%20L10071%20of%20Client:%20ALDERITE%20ROSE%20ANN', '2018-08-29 03:44:47'),
(1000632, 'TORRES, JIK', 'Add', 'New%20loan%20added%20to:%20C10003:%20ALDERITE%20ROSE%20ANN', '2018-08-29 03:45:16'),
(1000633, 'TORRES, JIK', 'Login', 'System user login as Administrator', '2018-08-29 15:39:37'),
(1000634, 'TORRES, JIK', 'Login', 'System user login as Administrator', '2018-08-30 01:13:21'),
(1000635, 'TORRES, JIK', 'Login', 'System user login as Administrator', '2018-08-31 01:06:05'),
(1000636, 'TORRES, JIK', 'Add', 'New%20schedule%20added:%20VXI%20-SM%20Ecoland%20Payday', '2018-08-31 01:08:42'),
(1000637, 'TORRES, JIK', 'Add', 'New%20schedule%20added:%20IBEX%20payday', '2018-08-31 01:09:41'),
(1000638, 'TORRES, JIK', 'Login', 'System user login as Administrator', '2018-09-02 11:09:57'),
(1000639, 'TORRES, JIK', 'Logout', 'System user logout as Administrator', '2018-09-02 11:16:24'),
(1000640, ', ', 'Logout', 'System user logout as Staff', '2018-09-02 11:17:24'),
(1000641, 'TORRES, JIK', 'Login', 'System user login as Administrator', '2018-09-03 01:25:16'),
(1000642, 'TORRES, JIK', 'Login', 'System user login as Administrator', '2018-09-04 01:19:47'),
(1000643, 'TORRES, JIK', 'Login', 'System user login as Administrator', '2018-09-05 01:28:54'),
(1000644, 'TORRES, JIK', 'Login', 'System user login as Administrator', '2018-09-06 01:28:23'),
(1000645, 'TORRES, JIK', 'Login', 'System user login as Administrator', '2018-09-06 12:52:35'),
(1000646, 'TORRES, JIK', 'Add', 'New%20payment%20added%20to%20Loan%20ID:%20L10074%20of%20Client:%20ZABATE%20KAREN%20JANE', '2018-09-06 13:01:35'),
(1000647, 'TORRES, JIK', 'Add', 'New%20payment%20added%20to%20Loan%20ID:%20L10060%20of%20Client:%20GESTA%20JOEY%20MICHAEL', '2018-09-06 13:05:45'),
(1000648, 'TORRES, JIK', 'Add', 'New%20payment%20added%20to%20Loan%20ID:%20L10073%20of%20Client:%20BIWANG%20JUHAIRY', '2018-09-06 13:07:27'),
(1000649, 'TORRES, JIK', 'Add', 'New%20interest%20added%20to%20Loan%20ID:%20L10073%20of%20Client:%20BIWANG%20JUHAIRY', '2018-09-06 13:07:57'),
(1000650, 'TORRES, JIK', 'Login', 'System user login as Administrator', '2018-09-07 01:17:48'),
(1000651, 'TORRES, JIK', 'Login', 'System user login as Administrator', '2018-09-07 06:06:18'),
(1000652, 'TORRES, JIK', 'Login', 'System user login as Administrator', '2018-09-07 11:50:12'),
(1000653, 'TORRES, JIK', 'Login', 'System user login as Administrator', '2018-09-07 11:55:42'),
(1000654, 'TORRES, JIK', 'Login', 'System user login as Administrator', '2018-09-07 12:32:57'),
(1000655, 'TORRES, JIK', 'Login', 'System user login as Administrator', '2018-09-07 13:57:37'),
(1000656, 'TORRES, JIK', 'Add', 'New%20payment%20added%20to%20Loan%20ID:%20L10078%20of%20Client:%20ALDERITE%20ROSE%20ANN', '2018-09-07 14:02:06'),
(1000657, 'TORRES, JIK', 'Login', 'System user login as Administrator', '2018-09-08 02:28:41'),
(1000658, 'TORRES, JIK', 'Add', 'New%20schedule%20added:%20VXI%20-SM%20Ecoland%20Payday', '2018-09-08 02:40:32'),
(1000659, 'TORRES, JIK', 'Login', 'System user login as Administrator', '2018-09-10 01:10:30'),
(1000660, 'TORRES, JIK', 'Add', 'New%20client%20record%20added:%20TORRES%20MARJORIE%20ANN', '2018-09-10 02:09:39'),
(1000661, 'TORRES, JIK', 'Add', 'New%20company%20added:%20VXI%20Global%20Solutions%20LLC%20-%20Felcris%20Centrale', '2018-09-10 02:10:14'),
(1000662, 'TORRES, JIK', 'Update', 'Company%20updated%20J107:%20VXI%20Global%20Solutions%20LLC%20-%20Felcris%20Centrale%20to%20VXI%20Global%20Solutions%20LLC%20-%20Felcris%20Centrale', '2018-09-10 02:10:24'),
(1000663, 'TORRES, JIK', 'Update', 'Client%20updated%20C10023:%20TORRES%20MARJORIE%20ANN', '2018-09-10 02:10:44'),
(1000664, 'TORRES, JIK', 'Add', 'New%20payment%20added%20to%20Loan%20ID:%20L10077%20of%20Client:%20ABDULLAH%20FARHANA%20BINT', '2018-09-10 02:21:46'),
(1000665, 'TORRES, JIK', 'Add', 'New%20loan%20added%20to:%20C10005:%20ABDULLAH%20FARHANA%20BINT', '2018-09-10 02:25:25'),
(1000666, 'TORRES, JIK', 'Add', 'New%20payment%20added%20to%20Loan%20ID:%20L10069%20of%20Client:%20BAYANI%20ESNEYRA', '2018-09-10 02:29:25'),
(1000667, 'TORRES, JIK', 'Add', 'New%20loan%20added%20to:%20C10009:%20BAYANI%20ESNEYRA', '2018-09-10 02:29:51'),
(1000668, 'TORRES, JIK', 'Add', 'New%20payment%20added%20to%20Loan%20ID:%20L10075%20of%20Client:%20GABORNO%20JESSA%20MAE', '2018-09-10 03:13:39'),
(1000669, 'TORRES, JIK', 'Add', 'New%20payment%20added%20to%20Loan%20ID:%20L10067%20of%20Client:%20CLARKSON%20JESSICA', '2018-09-10 03:15:23'),
(1000670, 'TORRES, JIK', 'Add', 'New%20loan%20added%20to:%20C10019:%20CLARKSON%20JESSICA', '2018-09-10 03:16:25'),
(1000671, 'TORRES, JIK', 'Add', 'New%20payment%20added%20to%20Loan%20ID:%20L10076%20of%20Client:%20CARIM%20MARY%20JASMIN', '2018-09-10 03:18:15'),
(1000672, 'TORRES, JIK', 'Add', 'New%20loan%20added%20to:%20C10022:%20CARIM%20MARY%20JASMIN', '2018-09-10 03:18:37'),
(1000673, 'TORRES, JIK', 'Login', 'System user login as Administrator', '2018-09-10 05:50:25'),
(1000674, 'TORRES, JIK', 'Add', 'New%20loan%20added%20to:%20C10023:%20TORRES%20MARJORIE%20ANN', '2018-09-10 06:19:39'),
(1000675, 'TORRES, JIK', 'Add', 'New%20payment%20added%20to%20Loan%20ID:%20L10070%20of%20Client:%20PADILLA%20SHAHANA%20ROSE', '2018-09-10 08:03:41'),
(1000676, 'TORRES, JIK', 'Login', 'System user login as Administrator', '2018-09-10 11:47:35'),
(1000677, 'TORRES, JIK', 'Login', 'System user login as Administrator', '2018-09-11 01:54:36'),
(1000678, 'TORRES, JIK', 'Add', 'New%20loan%20added%20to:%20C10017:%20PADILLA%20SHAHANA%20ROSE', '2018-09-11 01:55:56'),
(1000679, 'TORRES, JIK', 'Update', 'Client%20updated%20C10023:%20TORRES%20MARJORIE%20ANN', '2018-09-11 01:57:18'),
(1000680, 'TORRES, JIK', 'Add', 'New%20client%20record%20added:%20SISON%20BERNALD%20IAN', '2018-09-11 02:50:38'),
(1000681, 'TORRES, JIK', 'Update', 'Client%20updated%20C10024:%20SISON%20BERNALD%20IAN', '2018-09-11 02:50:56'),
(1000682, 'TORRES, JIK', 'Add', 'New%20loan%20added%20to:%20C10024:%20SISON%20BERNALD%20IAN', '2018-09-11 03:04:01'),
(1000683, 'TORRES, JIK', 'Add', 'New%20schedule%20added:%20IBEX%20payday', '2018-09-11 03:28:07'),
(1000684, 'TORRES, JIK', 'Add', 'New%20schedule%20added:%20VXI%20-SM%20Ecoland%20Felcris%20Payday', '2018-09-11 03:29:56'),
(1000685, 'TORRES, JIK', 'Update', 'Schedule%20updated%20S30:%20VXI%20-SM%20Ecoland%20Felcris%20Payday', '2018-09-11 03:30:32'),
(1000686, 'TORRES, JIK', 'Update', 'Schedule%20updated%20S30:%20VXI%20-SM%20Ecoland%20Felcris%20Payday', '2018-09-11 03:30:56'),
(1000687, 'TORRES, JIK', 'Login', 'System user login as Administrator', '2018-09-11 07:41:25'),
(1000688, 'TORRES, JIK', 'Add', 'New%20loan%20added%20to:%20C10022:%20CARIM%20MARY%20JASMIN', '2018-09-11 07:54:38'),
(1000689, 'TORRES, JIK', 'Add', 'New%20client%20record%20added:%20OCZON%20JORELH%20TRAYA', '2018-09-11 08:00:13'),
(1000690, 'TORRES, JIK', 'Add', 'New%20loan%20added%20to:%20C10025:%20OCZON%20JORELH%20TRAYA', '2018-09-11 08:01:51'),
(1000691, 'TORRES, JIK', 'Login', 'System user login as Administrator', '2018-09-11 12:03:12'),
(1000692, 'TORRES, JIK', 'Login', 'System user login as Administrator', '2018-09-11 12:12:04'),
(1000693, 'TORRES, JIK', 'Add', 'New%20payment%20added%20to%20Loan%20ID:%20L10078%20of%20Client:%20ALDERITE%20ROSE%20ANN', '2018-09-11 12:19:02'),
(1000694, 'TORRES, JIK', 'Add', 'New%20loan%20added%20to:%20C10003:%20ALDERITE%20ROSE%20ANN', '2018-09-11 12:19:27'),
(1000695, 'TORRES, JIK', 'Login', 'System user login as Administrator', '2018-09-12 01:05:37'),
(1000696, 'TORRES, JIK', 'Login', 'System user login as Administrator', '2018-09-13 00:58:16'),
(1000697, 'TORRES, JIK', 'Login', 'System user login as Administrator', '2018-09-13 07:12:36'),
(1000698, 'TORRES, JIK', 'Update', 'Client%20updated%20C10024:%20SISON%20BERNARD%20IAN', '2018-09-13 07:15:00'),
(1000699, 'TORRES, JIK', 'Login', 'System user login as Administrator', '2018-09-14 01:11:14'),
(1000700, 'TORRES, JIK', 'Login', 'System user login as Administrator', '2018-09-14 01:11:16'),
(1000701, 'TORRES, JIK', 'Login', 'System user login as Administrator', '2018-09-14 14:38:17'),
(1000702, 'TORRES, JIK', 'Login', 'System user login as Administrator', '2018-09-16 15:53:58'),
(1000703, 'TORRES, JIK', 'Login', 'System user login as Administrator', '2018-09-17 02:11:39'),
(1000704, 'TORRES, JIK', 'Login', 'System user login as Administrator', '2018-09-18 02:16:25'),
(1000705, 'TORRES, JIK', 'Login', 'System user login as Administrator', '2018-09-18 06:24:17'),
(1000706, 'TORRES, JIK', 'Update', 'Schedule%20updated%20S28:%20VXI%20-SM%20Ecoland%20Payday', '2018-09-18 06:27:41'),
(1000707, 'TORRES, JIK', 'Login', 'System user login as Administrator', '2018-09-19 01:20:39'),
(1000708, 'TORRES, JIK', 'Login', 'System user login as Administrator', '2018-09-19 08:08:05'),
(1000709, 'TORRES, JIK', 'Add', 'New%20payment%20added%20to%20Loan%20ID:%20L10083%20of%20Client:%20TORRES%20MARJORIE%20ANN', '2018-09-19 08:08:28'),
(1000710, 'TORRES, JIK', 'Login', 'System user login as Administrator', '2018-09-20 12:52:14'),
(1000711, 'TORRES, JIK', 'Add', 'New%20payment%20added%20to%20Loan%20ID:%20L10074%20of%20Client:%20ZABATE%20KAREN%20JANE', '2018-09-20 12:59:19'),
(1000712, 'TORRES, JIK', 'Add', 'New%20payment%20added%20to%20Loan%20ID:%20L10073%20of%20Client:%20BIWANG%20JUHAIRY', '2018-09-20 13:08:21'),
(1000713, 'TORRES, JIK', 'Login', 'System user login as Administrator', '2018-09-21 04:42:20'),
(1000714, 'TORRES, JIK', 'Add', 'New%20payment%20added%20to%20Loan%20ID:%20L10088%20of%20Client:%20ALDERITE%20ROSE%20ANN', '2018-09-21 04:43:02'),
(1000715, 'TORRES, JIK', 'Add', 'New%20interest%20added%20to%20Loan%20ID:%20L10074%20of%20Client:%20ZABATE%20KAREN%20JANE', '2018-09-21 04:43:40'),
(1000716, 'TORRES, JIK', 'Add', 'New%20client%20record%20added:%20UNKNOWN%20MEEKA', '2018-09-21 07:11:05'),
(1000717, 'TORRES, JIK', 'Add', 'New%20loan%20added%20to:%20C10026:%20UNKNOWN%20MEEKA', '2018-09-21 07:13:22'),
(1000718, 'TORRES, JIK', 'Login', 'System user login as Administrator', '2018-09-21 14:34:00'),
(1000719, 'TORRES, JIK', 'Update', 'Client%20updated%20C10026:%20VALENTIN%20MEEKA', '2018-09-21 14:39:13'),
(1000720, 'TORRES, JIK', 'Login', 'System user login as Administrator', '2018-09-23 05:36:00'),
(1000721, 'TORRES, JIK', 'Add', 'New%20client%20record%20added:%20LOPEZ%20FEJIE', '2018-09-23 05:41:25'),
(1000722, 'TORRES, JIK', 'Add', 'New%20loan%20added%20to:%20C10027:%20LOPEZ%20FEJIE', '2018-09-23 05:42:28'),
(1000723, 'TORRES, JIK', 'Login', 'System user login as Administrator', '2018-09-23 14:03:58'),
(1000724, 'TORRES, JIK', 'Login', 'System user login as Administrator', '2018-09-24 01:47:23'),
(1000725, 'TORRES, JIK', 'Login', 'System user login as Administrator', '2018-09-25 00:52:09'),
(1000726, 'TORRES, JIK', 'Login', 'System user login as Administrator', '2018-09-25 05:08:58'),
(1000727, 'TORRES, JIK', 'Add', 'New%20payment%20added%20to%20Loan%20ID:%20L10080%20of%20Client:%20BAYANI%20ESNEYRA', '2018-09-25 05:13:07'),
(1000728, 'TORRES, JIK', 'Add', 'New%20payment%20added%20to%20Loan%20ID:%20L10079%20of%20Client:%20ABDULLAH%20FARHANA%20BINT', '2018-09-25 05:13:49'),
(1000729, 'TORRES, JIK', 'Add', 'New%20loan%20added%20to:%20C10005:%20ABDULLAH%20FARHANA%20BINT', '2018-09-25 05:15:31'),
(1000730, 'TORRES, JIK', 'Add', 'New%20payment%20added%20to%20Loan%20ID:%20L10084%20of%20Client:%20PADILLA%20SHAHANA%20ROSE', '2018-09-25 05:16:07'),
(1000731, 'TORRES, JIK', 'Add', 'New%20loan%20added%20to:%20C10017:%20PADILLA%20SHAHANA%20ROSE', '2018-09-25 05:16:31'),
(1000732, 'TORRES, JIK', 'Add', 'New%20payment%20added%20to%20Loan%20ID:%20L10075%20of%20Client:%20GABORNO%20JESSA%20MAE', '2018-09-25 05:18:06'),
(1000733, 'TORRES, JIK', 'Add', 'New%20payment%20added%20to%20Loan%20ID:%20L10081%20of%20Client:%20CLARKSON%20JESSICA', '2018-09-25 05:18:43'),
(1000734, 'TORRES, JIK', 'Add', 'New%20payment%20added%20to%20Loan%20ID:%20L10086%20of%20Client:%20CARIM%20MARY%20JASMIN', '2018-09-25 05:19:46'),
(1000735, 'TORRES, JIK', 'Add', 'New%20payment%20added%20to%20Loan%20ID:%20L10082%20of%20Client:%20CARIM%20MARY%20JASMIN', '2018-09-25 05:20:15'),
(1000736, 'TORRES, JIK', 'Add', 'New%20loan%20added%20to:%20C10022:%20CARIM%20MARY%20JASMIN', '2018-09-25 05:20:43'),
(1000737, 'TORRES, JIK', 'Add', 'New%20payment%20added%20to%20Loan%20ID:%20L10087%20of%20Client:%20OCZON%20JORELH%20TRAYA', '2018-09-25 05:21:18'),
(1000738, 'TORRES, JIK', 'Add', 'New%20payment%20added%20to%20Loan%20ID:%20L10085%20of%20Client:%20SISON%20BERNARD%20IAN', '2018-09-25 05:22:43'),
(1000739, 'TORRES, JIK', 'Login', 'System user login as Administrator', '2018-09-25 15:35:30'),
(1000740, 'TORRES, JIK', 'Login', 'System user login as Administrator', '2018-09-26 04:40:46'),
(1000741, 'TORRES, JIK', 'Add', 'New%20loan%20added%20to:%20C10016:%20PRESENTE%20JAYRRAH%20PRAISE%20A.', '2018-09-26 04:41:23'),
(1000742, 'TORRES, JIK', 'Login', 'System user login as Administrator', '2018-09-28 01:31:43'),
(1000743, 'TORRES, JIK', 'Add', 'New%20loan%20added%20to:%20C10027:%20LOPEZ%20FEJIE', '2018-09-28 01:32:57'),
(1000744, 'TORRES, JIK', 'Login', 'System user login as Administrator', '2018-09-30 12:04:29'),
(1000745, 'TORRES, JIK', 'Login', 'System user login as Administrator', '2018-10-01 01:24:38'),
(1000746, 'TORRES, JIK', 'Add', 'New%20loan%20added%20to:%20C10027:%20LOPEZ%20FEJIE', '2018-10-01 01:28:19'),
(1000747, 'TORRES, JIK', 'Add', 'New%20schedule%20added:%20IBEX%20payday', '2018-10-01 01:58:03'),
(1000748, 'TORRES, JIK', 'Login', 'System user login as Administrator', '2018-10-02 04:02:35'),
(1000749, 'TORRES, JIK', 'Login', 'System user login as Administrator', '2018-10-02 17:55:26'),
(1000750, 'TORRES, JIK', 'Login', 'System user login as Administrator', '2018-10-03 07:09:46'),
(1000751, 'TORRES, JIK', 'Login', 'System user login as Administrator', '2018-10-04 01:25:21'),
(1000752, 'TORRES, JIK', 'Login', 'System user login as Administrator', '2018-10-04 12:27:59'),
(1000753, 'TORRES, JIK', 'Add', 'New%20payment%20added%20to%20Loan%20ID:%20L10090%20of%20Client:%20LOPEZ%20FEJIE', '2018-10-04 13:30:50'),
(1000754, 'TORRES, JIK', 'Add', 'New%20payment%20added%20to%20Loan%20ID:%20L10073%20of%20Client:%20BIWANG%20JUHAIRY', '2018-10-04 13:34:24'),
(1000755, 'TORRES, JIK', 'Login', 'System user login as Administrator', '2018-10-04 13:54:48'),
(1000756, 'TORRES, JIK', 'Login', 'System user login as Administrator', '2018-10-05 01:26:04'),
(1000757, 'TORRES, JIK', 'Add', 'New%20payment%20added%20to%20Loan%20ID:%20L10074%20of%20Client:%20ZABATE%20KAREN%20JANE', '2018-10-05 01:29:55'),
(1000758, 'TORRES, JIK', 'Add', 'New%20loan%20added%20to:%20C10004:%20ZABATE%20KAREN%20JANE', '2018-10-05 01:30:20'),
(1000759, 'TORRES, JIK', 'Add', 'New%20payment%20added%20to%20Loan%20ID:%20L10097%20of%20Client:%20ZABATE%20KAREN%20JANE', '2018-10-05 01:36:05'),
(1000760, 'TORRES, JIK', 'Add', 'New%20payment%20added%20to%20Loan%20ID:%20L10089%20of%20Client:%20VALENTIN%20MEEKA', '2018-10-05 03:18:39'),
(1000761, 'TORRES, JIK', 'Login', 'System user login as Administrator', '2018-10-07 14:24:47'),
(1000762, 'TORRES, JIK', 'Login', 'System user login as Administrator', '2018-10-08 01:15:31'),
(1000763, 'TORRES, JIK', 'Login', 'System user login as Administrator', '2018-10-08 06:49:29'),
(1000764, 'TORRES, JIK', 'Add', 'New%20client%20record%20added:%20NULUD%20JAN%20PATRICK', '2018-10-08 06:54:34'),
(1000765, 'TORRES, JIK', 'Add', 'New%20loan%20added%20to:%20C10028:%20NULUD%20JAN%20PATRICK', '2018-10-08 06:54:57'),
(1000766, 'TORRES, JIK', 'Add', 'New%20schedule%20added:%20VXI%20-SM%20Ecoland%20Payday', '2018-10-08 06:57:20'),
(1000767, 'TORRES, JIK', 'Login', 'System user login as Administrator', '2018-10-09 05:56:46'),
(1000768, 'TORRES, JIK', 'Login', 'System user login as Administrator', '2018-10-09 06:09:46'),
(1000769, 'TORRES, JIK', 'Login', 'System user login as Administrator', '2018-10-09 12:59:28'),
(1000770, 'TORRES, JIK', 'Login', 'System user login as Administrator', '2018-10-10 01:22:02'),
(1000771, 'TORRES, JIK', 'Add', 'New%20payment%20added%20to%20Loan%20ID:%20L10081%20of%20Client:%20CLARKSON%20JESSICA', '2018-10-10 01:58:06'),
(1000772, 'TORRES, JIK', 'Add', 'New%20payment%20added%20to%20Loan%20ID:%20L10093%20of%20Client:%20CARIM%20MARY%20JASMIN', '2018-10-10 01:59:05'),
(1000773, 'TORRES, JIK', 'Add', 'New%20loan%20added%20to:%20C10022:%20CARIM%20MARY%20JASMIN', '2018-10-10 01:59:34'),
(1000774, 'TORRES, JIK', 'Add', 'New%20payment%20added%20to%20Loan%20ID:%20L10085%20of%20Client:%20SISON%20BERNARD%20IAN', '2018-10-10 02:01:49'),
(1000775, 'TORRES, JIK', 'Add', 'New%20loan%20added%20to:%20C10024:%20SISON%20BERNARD%20IAN', '2018-10-10 02:02:05'),
(1000776, 'TORRES, JIK', 'Add', 'New%20payment%20added%20to%20Loan%20ID:%20L10092%20of%20Client:%20PADILLA%20SHAHANA%20ROSE', '2018-10-10 03:01:22'),
(1000777, 'TORRES, JIK', 'Add', 'New%20loan%20added%20to:%20C10017:%20PADILLA%20SHAHANA%20ROSE', '2018-10-10 03:01:48'),
(1000778, 'TORRES, JIK', 'Add', 'New%20payment%20added%20to%20Loan%20ID:%20L10101%20of%20Client:%20PADILLA%20SHAHANA%20ROSE', '2018-10-10 03:02:35'),
(1000779, 'TORRES, JIK', 'Login', 'System user login as Administrator', '2018-10-10 09:09:33'),
(1000780, 'TORRES, JIK', 'Login', 'System user login as Administrator', '2018-10-10 17:54:10'),
(1000781, 'TORRES, JIK', 'Add', 'New%20payment%20added%20to%20Loan%20ID:%20L10091%20of%20Client:%20ABDULLAH%20FARHANA%20BINT', '2018-10-10 17:54:53'),
(1000782, 'TORRES, JIK', 'Add', 'New%20payment%20added%20to%20Loan%20ID:%20L10080%20of%20Client:%20BAYANI%20ESNEYRA', '2018-10-10 17:56:52'),
(1000783, 'TORRES, JIK', 'Add', 'New%20loan%20added%20to:%20C10009:%20BAYANI%20ESNEYRA', '2018-10-10 17:57:07'),
(1000784, 'TORRES, JIK', 'Add', 'New%20schedule%20added:%20IBEX%20Payday', '2018-10-10 18:19:56'),
(1000785, 'TORRES, JIK', 'Logout', 'System user logout as Administrator', '2018-10-10 18:20:19'),
(1000786, 'TORRES, JIK', 'Login', 'System user login as Administrator', '2018-10-11 04:03:14'),
(1000787, 'TORRES, JIK', 'Login', 'System user login as Administrator', '2018-10-11 06:10:58'),
(1000788, 'TORRES, JIK', 'Add', 'New%20payment%20added%20to%20Loan%20ID:%20L10088%20of%20Client:%20ALDERITE%20ROSE%20ANN', '2018-10-11 06:24:40'),
(1000789, 'TORRES, JIK', 'Add', 'New%20interest%20added%20to%20Loan%20ID:%20L10088%20of%20Client:%20ALDERITE%20ROSE%20ANN', '2018-10-11 06:25:12'),
(1000790, 'TORRES, JIK', 'Login', 'System user login as Administrator', '2018-10-11 14:00:53'),
(1000791, 'TORRES, JIK', 'Login', 'System user login as Administrator', '2018-10-12 01:31:38'),
(1000792, 'TORRES, JIK', 'Add', 'New%20payment%20added%20to%20Loan%20ID:%20L10094%20of%20Client:%20PRESENTE%20JAYRRAH%20PRAISE%20A.', '2018-10-12 02:48:19'),
(1000793, 'TORRES, JIK', 'Add', 'New%20loan%20added%20to:%20C10016:%20PRESENTE%20JAYRRAH%20PRAISE%20A.', '2018-10-12 02:49:11'),
(1000794, 'TORRES, JIK', 'Login', 'System user login as Administrator', '2018-10-12 06:28:49'),
(1000795, 'TORRES, JIK', 'Add', 'New%20loan%20added%20to:%20C10025:%20OCZON%20JORELH%20TRAYA', '2018-10-12 07:39:03'),
(1000796, 'TORRES, JIK', 'Login', 'System user login as Administrator', '2018-10-12 10:10:32'),
(1000797, 'TORRES, JIK', 'Login', 'System user login as Administrator', '2018-10-12 13:46:54');

-- --------------------------------------------------------

--
-- Table structure for table `schedules`
--

CREATE TABLE `schedules` (
  `sched_id` int(11) NOT NULL,
  `title` varchar(100) NOT NULL,
  `date` varchar(20) NOT NULL,
  `time` varchar(45) NOT NULL,
  `remarks` varchar(250) NOT NULL,
  `username` varchar(45) NOT NULL,
  `encoded` datetime NOT NULL DEFAULT CURRENT_TIMESTAMP
) ENGINE=InnoDB DEFAULT CHARSET=latin1;

--
-- Dumping data for table `schedules`
--

INSERT INTO `schedules` (`sched_id`, `title`, `date`, `time`, `remarks`, `username`, `encoded`) VALUES
(1, 'VXI - SM Ecoland Payday', '2018-04-19', '18:00', 'Reysel Cabang, Rose Alderite, Karen Zabate, Jawee', 'um_developer', '2018-04-14 01:33:27'),
(2, 'VXI - SM Ecoland Payday', '2018-05-03', '18:00', 'Reysel Cabang, Rose Alderite, Karen Zabate, Juhairy - SM Eco Meetup', 'um_developer', '2018-04-20 02:02:55'),
(3, 'Karen and Juh loan', '2018-04-26', '6-7pm', 'loan 10000 each', 'um_developer', '2018-04-25 19:23:55'),
(4, 'Bint partial payment', '2018-05-10', '12:00', 'Half amount payment', 'um_developer', '2018-05-08 10:11:08'),
(5, 'VXI - SM Ecoland Payday', '2018-05-17', '6:00', 'Sherlyn, Erika, Rose, Karen, Juh payments', 'um_developer', '2018-05-08 10:12:12'),
(6, 'IBEX pay day', '2018-05-25', '12:00', 'Yanny, Bint', 'um_developer', '2018-05-08 10:15:21'),
(7, 'VXI - SM Ecoland Payday', '2018-05-31', '18:00', 'Rose, Karen, Juh payments', 'um_developer', '2018-05-17 21:31:27'),
(8, 'IBEX pay day', '2018-06-11', '18:00', 'Bint, Yanny, Jayrrah', 'um_developer', '2018-05-23 09:25:09'),
(9, 'Jomar Chavez pension day', '2018-06-05', '18:00', 'Jomar Chavez payment. PNB ADDU Jacinto bank', 'um_developer', '2018-05-25 22:05:25'),
(10, 'VXI - SM Ecoland Payday', '2018-06-14', '18:00', 'Karen, Juh, Joey', 'um_developer', '2018-06-03 22:05:02'),
(11, 'IBEX pay day', '2018-06-25', '18:00', 'Jayrahh, Shahana, Bint, Jessa, Jessica, Yanny', 'um_developer', '2018-06-12 19:36:04'),
(12, 'VXI - SM Ecoland Payday', '2018-06-28', '18:00', 'Karen, Juh, Joey, Erika', 'um_developer', '2018-06-20 21:44:43'),
(13, 'IBEX payday', '2018-07-10', '18:00', 'Bint, Yanny, Jayrrah, Jessa, Jessica', 'um_developer', '2018-06-22 06:20:32'),
(14, 'VXI - SM Ecoland Payday', '2018-07-12', '18:00', 'Karen, Juh, Erika, Joey', 'um_developer', '2018-06-26 01:23:10'),
(15, 'Rosey Cabang payment', '2018-07-04', '18:00', 'Reysel Cabang will get the money to my office', 'um_developer', '2018-07-01 08:55:50'),
(16, 'Geneflor Cayanong Payment', '2018-07-15', '18:00', 'She will pay personally since no ATM is surrendered', 'um_developer', '2018-07-01 08:56:49'),
(17, 'Rosey Cabang 2nd payment', '2018-07-19', '18:00', 'Reysel Cabang will get the money to my office', 'um_developer', '2018-07-10 13:26:50'),
(18, 'IBEX pay day', '2018-07-25', '18:00', 'Jessa, Jessica, Shahana, Jasmine, Esning', 'um_developer', '2018-07-10 13:28:23'),
(19, 'VXI - SM Ecoland Payday', '2018-07-26', '18:00', 'Karen, Juh, Joey, Erika', 'um_developer', '2018-07-15 17:54:23'),
(20, 'Rosey Cabang 3rd payment', '2018-08-03', '18:00', 'Reysel Cabang will get it to my office', 'um_developer', '2018-07-21 17:24:31'),
(21, 'IBEX payday', '2018-08-10', '18:00', 'Yanny, Jessa, Jessica, Jazh, Shahana', 'um_developer', '2018-07-26 02:07:13'),
(22, 'VXI - SM Ecoland Payday', '2018-08-09', '18:00', 'Karen, Juh, Rose, Joey, Erika', 'um_developer', '2018-07-26 02:08:22'),
(23, 'Rosey Cabang Payday', '2018-08-17', '18:00', 'final payment', 'um_developer', '2018-08-14 01:18:25'),
(24, 'VXI - SM Ecoland Payday', '2018-08-23', '18:00', 'Karen, Juh, Joey, Rose', 'um_developer', '2018-08-14 01:19:41'),
(25, 'IBEX payday', '2018-08-24', '18:00', 'Jessa, Jessica, Jasmine, Esning, Bint, Shahana', 'um_developer', '2018-08-14 01:21:19'),
(26, 'VXI -SM Ecoland Payday', '2018-09-06', '18:00', 'Karen, Juh, Rose, Joey', 'um_developer', '2018-08-31 01:08:41'),
(27, 'IBEX payday', '2018-09-10', '18:00', 'Jessa, Jessica, Jasmine, Esning, Bint, Shahana', 'um_developer', '2018-08-31 01:09:41'),
(28, 'VXI -SM Ecoland Payday', '2018-09-20', '18:00', 'Karen, Juh, Rose. Marjorie', 'um_developer', '2018-09-08 02:40:32'),
(29, 'IBEX payday', '2018-09-25', '18:00', 'Jessa, Jessica, Jasmine, Esning, Bint, Shahana, Bernald, Jhoer', 'um_developer', '2018-09-11 03:28:07'),
(30, 'VXI -SM Ecoland, Felcris Payday', '2018-10-04', '18:00', 'Karen, Juh, Rose, Marjorie', 'um_developer', '2018-09-11 03:29:55'),
(31, 'IBEX payday', '2018-10-10', '06:00', 'Bint, Yanny, Jazh, Jessica, Shahana, Ben', 'um_developer', '2018-10-01 01:58:02'),
(32, 'VXI -SM Ecoland Payday', '2018-10-18', '18:00', 'Rose, Karen, Fejie, January', 'um_developer', '2018-10-08 06:57:19'),
(33, 'IBEX Payday', '2018-10-25', '18:00', 'Jazh, Esning, Bint, Shahana, Ben, Jayrrah', 'um_developer', '2018-10-10 18:19:55');

-- --------------------------------------------------------

--
-- Table structure for table `transactions`
--

CREATE TABLE `transactions` (
  `trans_id` int(11) NOT NULL,
  `loan_id` int(11) NOT NULL,
  `date` varchar(20) NOT NULL,
  `type` int(11) NOT NULL,
  `amount` decimal(10,2) NOT NULL,
  `interest` decimal(10,2) NOT NULL,
  `total` decimal(10,2) NOT NULL,
  `remarks` varchar(45) NOT NULL,
  `encoded` datetime DEFAULT CURRENT_TIMESTAMP
) ENGINE=InnoDB DEFAULT CHARSET=latin1;

--
-- Dumping data for table `transactions`
--

INSERT INTO `transactions` (`trans_id`, `loan_id`, `date`, `type`, `amount`, `interest`, `total`, `remarks`, `encoded`) VALUES
(100001, 10001, '2017-09-28', 1, 5000.00, 250.00, 5250.00, '1st lending transaction', '2018-04-09 01:19:07'),
(100002, 10001, '2017-10-24', 2, -3000.00, 0.00, 2250.00, '', '2018-04-09 01:19:53'),
(100003, 10001, '2017-10-28', 4, 0.00, 250.00, 2500.00, '', '2018-04-09 01:21:54'),
(100004, 10001, '2017-11-21', 5, 500.00, 0.00, 3000.00, '', '2018-04-09 01:23:58'),
(100005, 10001, '2017-11-27', 3, -3000.00, 0.00, 0.00, '', '2018-04-09 01:25:23'),
(100006, 10002, '2017-12-08', 1, 5000.00, 250.00, 5250.00, '121', '2018-04-09 01:27:15'),
(100007, 10002, '2018-01-06', 3, -5250.00, 0.00, 0.00, '', '2018-04-09 01:28:24'),
(100008, 10003, '2017-10-27', 1, 2500.00, 125.00, 2625.00, '', '2018-04-09 02:22:06'),
(100009, 10003, '2017-11-24', 3, -2625.00, 0.00, 0.00, '', '2018-04-09 02:51:28'),
(100010, 10004, '2017-11-14', 1, 2000.00, 140.00, 2140.00, '', '2018-04-09 02:58:11'),
(100011, 10004, '2017-11-17', 3, -2140.00, 0.00, 0.00, '', '2018-04-09 02:58:55'),
(100012, 10005, '2017-11-21', 1, 2000.00, 140.00, 2140.00, '', '2018-04-09 02:59:46'),
(100013, 10005, '2017-11-24', 5, 2000.00, 0.00, 4140.00, 'Additional loan 2000', '2018-04-09 03:00:49'),
(100014, 10005, '2017-11-30', 3, -4140.00, 0.00, 0.00, '', '2018-04-09 03:01:54'),
(100015, 10006, '2017-12-15', 1, 3000.00, 210.00, 3210.00, '', '2018-04-09 03:02:34'),
(100016, 10006, '2017-12-19', 5, 2000.00, 0.00, 5210.00, 'Additional loan 2000', '2018-04-09 03:04:06'),
(100017, 10006, '2017-12-19', 4, 0.00, 140.00, 5350.00, 'Additional interest due to added loan 2000', '2018-04-09 03:05:08'),
(100018, 10006, '2017-12-29', 3, -5350.00, 0.00, 0.00, '', '2018-04-09 03:05:45'),
(100019, 10007, '2018-02-15', 1, 5000.00, 350.00, 5350.00, '', '2018-04-09 03:06:52'),
(100020, 10007, '2018-02-22', 2, -1500.00, 0.00, 3850.00, '', '2018-04-09 03:07:23'),
(100021, 10007, '2018-03-08', 3, -3850.00, 0.00, 0.00, '', '2018-04-09 03:07:56'),
(100022, 10008, '2018-03-08', 1, 7000.00, 490.00, 7490.00, '', '2018-04-09 03:09:22'),
(100023, 10008, '2018-03-22', 3, -7490.00, 0.00, 0.00, '', '2018-04-09 03:09:45'),
(100024, 10009, '2018-03-22', 1, 10000.00, 700.00, 10700.00, '', '2018-04-09 03:11:11'),
(100025, 10009, '2018-04-06', 2, -2000.00, 0.00, 8700.00, 'Next payment is May 3, 2018', '2018-04-09 03:13:50'),
(100026, 10010, '2017-11-17', 1, 3000.00, 210.00, 3210.00, '', '2018-04-09 16:45:26'),
(100027, 10010, '2017-11-30', 2, -1600.00, 0.00, 1610.00, '', '2018-04-09 16:45:54'),
(100028, 10010, '2017-11-08', 3, -1610.00, 0.00, 0.00, '', '2018-04-09 16:46:43'),
(100029, 10011, '2017-12-23', 1, 5000.00, 350.00, 5350.00, '', '2018-04-09 16:47:45'),
(100030, 10011, '2017-12-29', 2, -1800.00, 0.00, 3550.00, '', '2018-04-09 16:48:19'),
(100031, 10011, '2018-01-12', 2, -1800.00, 0.00, 1750.00, '', '2018-04-09 16:48:58'),
(100032, 10011, '2018-01-23', 4, 0.00, 120.00, 1870.00, '', '2018-04-09 16:49:43'),
(100033, 10011, '2018-01-25', 3, -1870.00, 0.00, 0.00, '', '2018-04-09 16:50:06'),
(100034, 10012, '2018-01-31', 1, 5000.00, 350.00, 5350.00, '', '2018-04-09 16:50:59'),
(100035, 10012, '2018-02-08', 2, -2650.00, 0.00, 2700.00, '', '2018-04-09 16:51:18'),
(100036, 10012, '2018-02-22', 3, -2700.00, 0.00, 0.00, '', '2018-04-09 16:51:33'),
(100037, 10013, '2018-02-28', 1, 10000.00, 700.00, 10700.00, '', '2018-04-09 16:52:58'),
(100038, 10013, '2018-03-08', 2, -2850.00, 0.00, 7850.00, '', '2018-04-09 16:53:28'),
(100039, 10013, '2018-03-22', 2, -2850.00, 0.00, 5000.00, '', '2018-04-09 16:53:45'),
(100040, 10013, '2018-03-28', 4, 0.00, 350.00, 5350.00, '', '2018-04-09 16:54:05'),
(100041, 10013, '2018-04-05', 2, -2850.00, 0.00, 2500.00, '', '2018-04-09 16:54:35'),
(100042, 10014, '2017-12-04', 1, 2000.00, 140.00, 2140.00, '', '2018-04-09 16:59:05'),
(100043, 10014, '2017-12-08', 2, -1000.00, 0.00, 1140.00, '', '2018-04-09 17:03:16'),
(100044, 10014, '2018-01-04', 3, -1140.00, 0.00, 0.00, '', '2018-04-09 17:04:02'),
(100045, 10015, '2018-01-21', 1, 3000.00, 210.00, 3210.00, '', '2018-04-09 17:05:21'),
(100046, 10015, '2018-01-21', 2, -1500.00, 0.00, 1710.00, '', '2018-04-09 17:05:54'),
(100047, 10015, '2018-02-20', 3, -1710.00, 0.00, 0.00, '', '2018-04-09 17:06:16'),
(100048, 10016, '2018-03-04', 1, 3000.00, 210.00, 3210.00, '', '2018-04-09 17:14:01'),
(100049, 10016, '2018-03-28', 3, -3210.00, 0.00, 0.00, '', '2018-04-09 17:14:50'),
(100050, 10017, '2018-03-28', 1, 5000.00, 350.00, 5350.00, '', '2018-04-09 17:16:09'),
(100051, 10018, '2017-12-23', 1, 5000.00, 350.00, 5350.00, '', '2018-04-09 18:06:15'),
(100052, 10018, '2018-01-12', 2, -2700.00, 0.00, 2650.00, '', '2018-04-09 18:06:33'),
(100053, 10018, '2018-01-24', 4, 0.00, 185.00, 2835.00, '', '2018-04-09 18:07:04'),
(100054, 10018, '2018-01-25', 6, -5.00, 0.00, 2830.00, '', '2018-04-09 18:07:45'),
(100055, 10018, '2018-01-25', 3, -2830.00, 0.00, 0.00, '', '2018-04-09 18:08:00'),
(100056, 10019, '2018-02-01', 1, 3000.00, 210.00, 3210.00, '', '2018-04-09 18:23:53'),
(100057, 10019, '2018-02-15', 2, -1500.00, 0.00, 1710.00, '', '2018-04-09 18:24:18'),
(100058, 10019, '2018-02-23', 3, -1710.00, 0.00, 0.00, '', '2018-04-09 18:24:37'),
(100059, 10020, '2018-02-20', 1, 2000.00, 140.00, 2140.00, '', '2018-04-09 18:30:48'),
(100060, 10020, '2018-02-23', 2, -1000.00, 0.00, 1140.00, '', '2018-04-09 18:32:24'),
(100061, 10020, '2018-03-09', 3, -1140.00, 0.00, 0.00, '', '2018-04-09 18:32:37'),
(100062, 10021, '2018-03-13', 1, 1000.00, 70.00, 1070.00, '', '2018-04-09 18:33:04'),
(100063, 10021, '2018-03-22', 3, -1070.00, 0.00, 0.00, '', '2018-04-09 18:33:33'),
(100064, 10022, '2018-02-26', 1, 2000.00, 140.00, 2140.00, '', '2018-04-09 18:38:07'),
(100065, 10022, '2018-03-11', 2, -1070.00, 0.00, 1070.00, '', '2018-04-09 18:39:04'),
(100066, 10022, '2018-03-23', 3, -1070.00, 0.00, 0.00, '', '2018-04-09 18:39:19'),
(100067, 10023, '2018-03-23', 1, 5000.00, 350.00, 5350.00, '', '2018-04-09 18:40:40'),
(100068, 10024, '2018-03-03', 1, 5000.00, 350.00, 5350.00, '', '2018-04-09 18:45:11'),
(100069, 10024, '2018-03-09', 2, -1500.00, 0.00, 3850.00, '', '2018-04-09 18:45:34'),
(100070, 10024, '2018-03-22', 2, -1500.00, 0.00, 2350.00, '', '2018-04-09 18:45:49'),
(100071, 10024, '2018-04-03', 4, 0.00, 160.00, 2510.00, '', '2018-04-09 18:46:22'),
(100072, 10024, '2018-04-03', 6, -10.00, 0.00, 2500.00, '', '2018-04-09 18:46:55'),
(100073, 10024, '2018-04-05', 2, -1250.00, 0.00, 1250.00, '', '2018-04-09 18:47:19'),
(100074, 10025, '2018-03-13', 1, 5000.00, 350.00, 5350.00, '', '2018-04-09 18:51:44'),
(100075, 10025, '2018-03-22', 2, -1500.00, 0.00, 3850.00, '', '2018-04-09 18:52:07'),
(100076, 10025, '2018-03-28', 3, -3850.00, 0.00, 0.00, '', '2018-04-09 18:52:21'),
(100077, 10023, '2018-04-11', 2, -2500.00, 0.00, 2850.00, '', '2018-04-12 02:11:24'),
(100078, 10024, '2018-04-12', 3, -1250.00, 0.00, 0.00, 'full payment to renew another 5000 loan', '2018-04-12 22:13:28'),
(100079, 10026, '2018-04-12', 1, 5000.00, 350.00, 5350.00, '', '2018-04-12 22:18:17'),
(100080, 10027, '2018-04-16', 1, 1000.00, 0.00, 1000.00, 'No interest since family member', '2018-04-16 18:27:31'),
(100081, 10026, '2018-04-19', 2, -1500.00, 0.00, 3850.00, '', '2018-04-20 00:37:28'),
(100082, 10013, '2018-04-19', 3, -2500.00, 0.00, 0.00, '', '2018-04-20 00:39:38'),
(100083, 10009, '2018-04-19', 2, -6300.00, 0.00, 2400.00, 'Next payment is May 17. Add int for remaining', '2018-04-20 00:42:29'),
(100084, 10028, '2018-04-20', 1, 1000.00, 70.00, 1070.00, 'Additional loan posted as new transaction. la', '2018-04-20 00:46:40'),
(100085, 10029, '2018-04-19', 1, 5000.00, 350.00, 5350.00, '1st loan. Meet up at  BDO SM Eco Annex', '2018-04-20 01:10:44'),
(100086, 10023, '2018-04-25', 2, -2000.00, 0.00, 850.00, '', '2018-04-25 22:41:45'),
(100087, 10023, '2018-04-25', 4, 0.00, 60.00, 910.00, 'Add interest for overdued loan', '2018-04-25 22:43:29'),
(100088, 10027, '2018-04-26', 5, 100.00, 0.00, 1100.00, 'add loan 100', '2018-04-27 01:32:34'),
(100089, 10030, '2018-04-26', 1, 10000.00, 700.00, 10700.00, '', '2018-04-27 01:33:58'),
(100090, 10017, '2018-04-28', 4, 0.00, 370.00, 5720.00, 'Add interest for overdue loan', '2018-04-27 01:36:50'),
(100091, 10029, '2018-04-26', 3, -5350.00, 0.00, 0.00, '', '2018-04-27 01:39:08'),
(100092, 10031, '2018-04-26', 1, 10000.00, 700.00, 10700.00, 'New loan after payment of last loan 5350. add', '2018-04-27 01:40:09'),
(100093, 10027, '2018-04-28', 3, -1100.00, 0.00, 0.00, '', '2018-05-01 10:19:18'),
(100094, 10030, '2018-05-03', 2, -2900.00, 0.00, 7800.00, '', '2018-05-03 22:54:27'),
(100095, 10031, '2018-05-03', 2, -1500.00, 0.00, 9200.00, '', '2018-05-03 23:00:19'),
(100096, 10026, '2018-05-03', 2, -1500.00, 0.00, 2350.00, '', '2018-05-03 23:07:25'),
(100097, 10009, '2018-05-03', 5, 2600.00, 0.00, 5000.00, 'Additional loan to come up with 5000 total ba', '2018-05-03 23:15:51'),
(100098, 10009, '2018-05-03', 4, 0.00, 350.00, 5350.00, 'Added interest due to new total balance amoun', '2018-05-03 23:17:25'),
(100099, 10028, '2018-05-10', 3, -1070.00, 0.00, 0.00, '', '2018-05-10 17:34:47'),
(100100, 10023, '2018-05-10', 3, -910.00, 0.00, 0.00, '', '2018-05-10 17:35:46'),
(100101, 10017, '2018-05-11', 3, -5720.00, 0.00, 0.00, '', '2018-05-11 23:23:29'),
(100102, 10032, '2018-05-11', 1, 5000.00, 350.00, 5350.00, 'ATM is to be followed', '2018-05-11 23:24:11'),
(100103, 10033, '2018-05-12', 1, 2000.00, 140.00, 2140.00, 'New loan after a long time', '2018-05-12 10:21:53'),
(100104, 10026, '2018-05-12', 3, -2350.00, 0.00, 0.00, '', '2018-05-14 01:40:57'),
(100105, 10034, '2018-05-12', 1, 2000.00, 140.00, 2140.00, 'No ATM surrendered. Co-make by brox', '2018-05-14 01:46:21'),
(100106, 10035, '2018-05-16', 1, 3000.00, 210.00, 3210.00, '', '2018-05-16 21:53:57'),
(100107, 10031, '2018-05-17', 2, -3000.00, 0.00, 6200.00, '', '2018-05-17 20:48:51'),
(100108, 10031, '2018-05-27', 4, 0.00, 430.00, 6630.00, 'Add interest for 2nd month', '2018-05-17 20:52:52'),
(100109, 10030, '2018-05-17', 2, -2800.00, 0.00, 5000.00, '', '2018-05-17 20:58:51'),
(100110, 10030, '2018-05-27', 4, 0.00, 350.00, 5350.00, 'Add interest for 2nd month', '2018-05-17 20:59:23'),
(100111, 10009, '2018-05-17', 3, -5350.00, 0.00, 0.00, 'full payment to renew another loan 10,000', '2018-05-17 21:06:40'),
(100112, 10036, '2018-05-17', 1, 10000.00, 700.00, 10700.00, 'loan after full payment of last loan 5350', '2018-05-17 21:09:02'),
(100113, 10034, '2018-05-18', 3, -2140.00, 0.00, 0.00, '', '2018-05-18 09:36:22'),
(100114, 10033, '2018-05-18', 2, -1000.00, 0.00, 1140.00, '', '2018-05-20 21:20:50'),
(100115, 10037, '2018-05-23', 1, 2500.00, 175.00, 2675.00, 'Payment source is thru pension via PNB ATM ca', '2018-05-23 23:21:16'),
(100116, 10032, '2018-05-25', 2, -1000.00, 0.00, 4350.00, '', '2018-05-25 21:55:31'),
(100117, 10035, '2018-05-25', 3, -3210.00, 0.00, 0.00, '1st payment via ATM', '2018-05-25 21:59:10'),
(100118, 10038, '2018-05-25', 1, 2000.00, 140.00, 2140.00, 'New trans after a long time', '2018-05-25 22:06:16'),
(100119, 10039, '2018-05-29', 1, 8000.00, 560.00, 8560.00, 'According to her, for her mother\'s hospital f', '2018-05-29 21:10:12'),
(100120, 10036, '2018-05-31', 2, -2800.00, 0.00, 7900.00, '', '2018-05-31 22:37:58'),
(100121, 10030, '2018-05-31', 2, -2600.00, 0.00, 2750.00, '', '2018-05-31 22:39:17'),
(100122, 10033, '2018-05-31', 3, -1140.00, 0.00, 0.00, '', '2018-05-31 22:40:32'),
(100123, 10038, '2018-05-31', 2, -1100.00, 0.00, 1040.00, '', '2018-05-31 22:46:33'),
(100124, 10031, '2018-05-31', 3, -6630.00, 0.00, 0.00, 'Paid full for reloan 15,000', '2018-05-31 22:59:47'),
(100125, 10040, '2018-05-31', 1, 15000.00, 1050.00, 16050.00, 'New loan right away after last loan paid', '2018-05-31 23:03:12'),
(100126, 10036, '2018-06-01', 5, 800.00, 0.00, 8700.00, 'Returned 800 due to plead for lesser partial ', '2018-06-01 09:13:37'),
(100127, 10037, '2018-06-05', 3, -2675.00, 0.00, 0.00, '', '2018-06-05 20:19:33'),
(100128, 10036, '2018-06-06', 3, -8700.00, 0.00, 0.00, 'Full payment from outside source', '2018-06-06 22:00:33'),
(100129, 10030, '2018-06-06', 3, -2750.00, 0.00, 0.00, 'Full payment to renew loan', '2018-06-06 22:05:48'),
(100130, 10041, '2018-06-06', 1, 15000.00, 1050.00, 16050.00, 'New loan right after full payment of the prev', '2018-06-06 22:08:06'),
(100131, 10032, '2018-06-08', 3, -4350.00, 0.00, 0.00, '', '2018-06-08 23:14:38'),
(100132, 10042, '2018-06-09', 1, 5000.00, 350.00, 5350.00, 'money was sent by Bint', '2018-06-09 21:53:24'),
(100133, 10043, '2018-06-11', 1, 5000.00, 350.00, 5350.00, '', '2018-06-12 19:28:04'),
(100134, 10040, '2018-06-14', 2, -3000.00, 0.00, 13050.00, 'Asked for lesser payment', '2018-06-14 23:06:47'),
(100135, 10041, '2018-06-14', 2, -4150.00, 0.00, 11900.00, '', '2018-06-14 23:08:08'),
(100136, 10038, '2018-06-14', 3, -1040.00, 0.00, 0.00, '', '2018-06-14 23:09:03'),
(100137, 10044, '2018-06-14', 1, 5000.00, 350.00, 5350.00, '', '2018-06-14 23:14:57'),
(100138, 10045, '2018-06-14', 1, 4000.00, 280.00, 4280.00, '', '2018-06-14 23:15:36'),
(100139, 10046, '2018-06-14', 1, 3000.00, 210.00, 3210.00, '', '2018-06-14 23:17:04'),
(100140, 10047, '2018-06-20', 1, 3000.00, 210.00, 3210.00, '', '2018-06-20 09:35:41'),
(100141, 10048, '2018-06-22', 1, 2000.00, 140.00, 2140.00, 'Initial 2k of 6k loan to be completed on June', '2018-06-22 02:10:37'),
(100142, 10043, '2018-06-25', 2, -2700.00, 0.00, 2650.00, '', '2018-06-25 04:04:42'),
(100143, 10045, '2018-06-25', 2, -2140.00, 0.00, 2140.00, 'Care of Shahana', '2018-06-25 04:29:34'),
(100144, 10044, '2018-06-25', 3, -5350.00, 0.00, 0.00, 'Fully paid to add new loan 5000', '2018-06-25 04:32:14'),
(100145, 10049, '2018-06-25', 1, 5000.00, 350.00, 5350.00, '', '2018-06-25 04:32:40'),
(100146, 10042, '2018-06-25', 3, -5350.00, 0.00, 0.00, 'Full payment to add new loan 5000', '2018-06-25 04:38:48'),
(100147, 10050, '2018-06-25', 1, 5000.00, 350.00, 5350.00, '', '2018-06-25 04:39:47'),
(100148, 10046, '2018-06-25', 3, -3210.00, 0.00, 0.00, '', '2018-06-25 14:35:41'),
(100149, 10039, '2018-06-25', 3, -8560.00, 0.00, 0.00, 'Paid full to add new loan', '2018-06-25 14:40:30'),
(100150, 10051, '2018-06-25', 1, 5000.00, 350.00, 5350.00, '', '2018-06-25 14:41:36'),
(100151, 10052, '2018-06-25', 1, 4000.00, 280.00, 4280.00, '', '2018-06-25 14:47:48'),
(100152, 10053, '2018-06-26', 1, 5000.00, 350.00, 5350.00, 'Custom due date July 15, 2018', '2018-06-26 09:55:22'),
(100153, 10041, '2018-06-28', 2, -4300.00, 0.00, 7600.00, '', '2018-06-28 14:30:07'),
(100154, 10041, '2018-06-28', 4, 0.00, 530.00, 8130.00, '', '2018-06-28 14:33:26'),
(100155, 10040, '2018-06-28', 2, -5300.00, 0.00, 7750.00, '', '2018-06-28 14:36:27'),
(100156, 10040, '2018-06-28', 4, 0.00, 550.00, 8300.00, '', '2018-06-28 14:37:15'),
(100157, 10048, '2018-06-28', 2, -1000.00, 0.00, 1140.00, '', '2018-06-28 14:42:43'),
(100158, 10047, '2018-06-28', 2, -1500.00, 0.00, 1710.00, '', '2018-06-28 14:45:51'),
(100159, 10054, '2018-06-29', 1, 5000.00, 350.00, 5350.00, '', '2018-07-01 08:49:23'),
(100160, 10055, '2018-07-04', 1, 5000.00, 350.00, 5350.00, 'She will skip July 10 payment', '2018-07-04 04:07:35'),
(100161, 10055, '2018-07-04', 5, 3210.00, 0.00, 8560.00, '8000 total', '2018-07-04 04:09:01'),
(100162, 10055, '2018-07-04', 2, -3210.00, 0.00, 5350.00, 'Undo mistake', '2018-07-04 04:31:34'),
(100163, 10055, '2018-07-04', 5, 3000.00, 0.00, 8350.00, '', '2018-07-04 04:32:00'),
(100164, 10055, '2018-07-04', 4, 0.00, 210.00, 8560.00, '', '2018-07-04 04:32:22'),
(100165, 10054, '2018-07-05', 2, -1500.00, 0.00, 3850.00, '', '2018-07-05 03:03:25'),
(100166, 10045, '2018-07-10', 3, -2140.00, 0.00, 0.00, '', '2018-07-10 01:52:10'),
(100167, 10056, '2018-07-10', 1, 5000.00, 350.00, 5350.00, '', '2018-07-10 01:53:18'),
(100168, 10049, '2018-07-10', 2, -2700.00, 0.00, 2650.00, '', '2018-07-10 01:55:47'),
(100169, 10050, '2018-07-10', 3, -5350.00, 0.00, 0.00, '', '2018-07-10 01:58:06'),
(100170, 10057, '2018-07-10', 1, 5000.00, 350.00, 5350.00, '', '2018-07-10 01:59:06'),
(100171, 10043, '2018-07-10', 3, -2650.00, 0.00, 0.00, '', '2018-07-10 02:01:58'),
(100172, 10058, '2018-07-10', 1, 5000.00, 350.00, 5350.00, '', '2018-07-10 02:38:04'),
(100173, 10051, '2018-07-10', 3, -5350.00, 0.00, 0.00, '', '2018-07-10 12:49:41'),
(100174, 10040, '2018-07-13', 2, -4100.00, 0.00, 4200.00, '', '2018-07-13 01:07:39'),
(100175, 10047, '2018-07-13', 3, -1710.00, 0.00, 0.00, '', '2018-07-13 01:08:31'),
(100176, 10041, '2018-07-13', 2, -1000.00, 0.00, 7130.00, '', '2018-07-13 01:10:01'),
(100177, 10059, '2018-07-13', 1, 15000.00, 2100.00, 17100.00, 'Special loan arrangement. Due date is before ', '2018-07-13 01:11:45'),
(100178, 10057, '2018-07-13', 5, 500.00, 0.00, 5850.00, 'Add loan without interest', '2018-07-13 05:55:59'),
(100179, 10060, '2018-07-15', 1, 5000.00, 350.00, 5350.00, '', '2018-07-15 17:58:35'),
(100180, 10052, '2018-07-17', 2, -1500.00, 0.00, 2780.00, '', '2018-07-17 06:25:51'),
(100181, 10052, '2018-07-17', 4, 0.00, 280.00, 3060.00, '', '2018-07-17 06:29:45'),
(100182, 10053, '2018-07-17', 3, -5350.00, 0.00, 0.00, 'Thru Palawan via Brox', '2018-07-17 13:19:38'),
(100183, 10040, '2018-07-17', 3, -4200.00, 0.00, 0.00, 'full payment to reloan', '2018-07-17 13:57:03'),
(100184, 10061, '2018-07-17', 1, 15000.00, 1050.00, 16050.00, '', '2018-07-17 13:57:35'),
(100185, 10054, '2018-07-20', 2, -1500.00, 0.00, 2350.00, '', '2018-07-20 01:17:11'),
(100186, 10054, '2018-07-20', 4, 0.00, 160.00, 2510.00, '', '2018-07-20 01:18:08'),
(100187, 10062, '2018-07-20', 1, 5000.00, 350.00, 5350.00, 'New loan after hiatus', '2018-07-20 01:26:22'),
(100188, 10057, '2018-07-25', 2, -2100.00, 0.00, 3750.00, 'Over the counter payment', '2018-07-25 01:46:35'),
(100189, 10057, '2018-07-25', 4, 0.00, 400.00, 4150.00, '', '2018-07-25 02:02:44'),
(100190, 10049, '2018-07-25', 3, -2650.00, 0.00, 0.00, '', '2018-07-25 02:10:00'),
(100191, 10063, '2018-07-25', 1, 5000.00, 350.00, 5350.00, 'Renewed loan', '2018-07-25 02:10:48'),
(100192, 10056, '2018-07-25', 2, -2650.00, 0.00, 2700.00, '', '2018-07-25 02:12:48'),
(100193, 10058, '2018-07-25', 3, -5350.00, 0.00, 0.00, 'full payment to reloan', '2018-07-25 02:15:14'),
(100194, 10064, '2018-07-25', 1, 5000.00, 350.00, 5350.00, 'Renewed loan', '2018-07-25 02:16:02'),
(100195, 10055, '2018-07-26', 2, -5000.00, 0.00, 3560.00, '', '2018-07-26 13:28:44'),
(100196, 10041, '2018-07-26', 3, -7130.00, 0.00, 0.00, '', '2018-07-26 13:30:46'),
(100197, 10060, '2018-07-26', 2, -1500.00, 0.00, 3850.00, '', '2018-07-26 13:34:47'),
(100198, 10061, '2018-07-26', 2, -4150.00, 0.00, 11900.00, '', '2018-07-26 13:35:32'),
(100199, 10065, '2018-07-26', 1, 7000.00, 490.00, 7490.00, '', '2018-07-26 13:38:26'),
(100200, 10055, '2018-07-27', 4, 0.00, 240.00, 3800.00, '', '2018-07-27 01:18:20'),
(100201, 10048, '2018-07-30', 3, -1140.00, 0.00, 0.00, '', '2018-07-30 05:25:18'),
(100202, 10052, '2018-07-30', 2, -1860.00, 0.00, 1200.00, '', '2018-07-30 05:26:01'),
(100203, 10065, '2018-07-31', 5, 3000.00, 0.00, 10490.00, '', '2018-07-31 05:47:39'),
(100204, 10065, '2018-07-31', 4, 0.00, 210.00, 10700.00, 'Add interest for her additional loan', '2018-07-31 05:49:01'),
(100205, 10062, '2018-08-02', 2, -1500.00, 0.00, 3850.00, '', '2018-08-02 03:14:03'),
(100206, 10054, '2018-08-06', 2, -1250.00, 0.00, 1260.00, '', '2018-08-06 06:50:43'),
(100207, 10059, '2018-08-09', 2, -8900.00, 0.00, 8200.00, '', '2018-08-09 14:11:24'),
(100208, 10060, '2018-08-09', 2, -1500.00, 0.00, 2350.00, '', '2018-08-09 14:15:34'),
(100209, 10060, '2018-08-09', 4, 0.00, 350.00, 2700.00, '', '2018-08-09 14:15:55'),
(100210, 10061, '2018-08-09', 2, -4150.00, 0.00, 7750.00, '', '2018-08-09 14:20:23'),
(100211, 10061, '2018-08-09', 4, 0.00, 550.00, 8300.00, '', '2018-08-09 14:23:29'),
(100212, 10063, '2018-08-10', 3, -5350.00, 0.00, 0.00, '', '2018-08-10 01:54:20'),
(100213, 10066, '2018-08-10', 1, 5000.00, 350.00, 5350.00, '', '2018-08-10 01:55:09'),
(100214, 10056, '2018-08-10', 3, -2700.00, 0.00, 0.00, '', '2018-08-10 01:57:55'),
(100215, 10067, '2018-08-10', 1, 5000.00, 350.00, 5350.00, '', '2018-08-10 01:58:12'),
(100216, 10064, '2018-08-10', 3, -5350.00, 0.00, 0.00, '', '2018-08-10 01:59:21'),
(100217, 10068, '2018-08-10', 1, 5000.00, 350.00, 5350.00, '', '2018-08-10 01:59:50'),
(100218, 10055, '2018-08-10', 3, -3800.00, 0.00, 0.00, '', '2018-08-10 02:01:50'),
(100219, 10069, '2018-08-10', 1, 5000.00, 350.00, 5350.00, '', '2018-08-10 02:02:23'),
(100220, 10057, '2018-08-10', 3, -4150.00, 0.00, 0.00, '', '2018-08-10 03:22:03'),
(100221, 10070, '2018-08-10', 1, 5000.00, 350.00, 5350.00, '', '2018-08-10 03:22:21'),
(100222, 10062, '2018-08-10', 3, -3850.00, 0.00, 0.00, '', '2018-08-10 03:33:35'),
(100223, 10071, '2018-08-10', 1, 5000.00, 350.00, 5350.00, '', '2018-08-10 03:34:01'),
(100224, 10065, '2018-08-12', 3, -10700.00, 0.00, 0.00, '', '2018-08-12 03:53:03'),
(100225, 10072, '2018-08-12', 1, 10000.00, 700.00, 10700.00, '', '2018-08-12 03:54:28'),
(100226, 10052, '2018-08-15', 3, -1200.00, 0.00, 0.00, '', '2018-08-15 06:39:14'),
(100227, 10061, '2018-08-16', 3, -8300.00, 0.00, 0.00, '', '2018-08-16 09:04:09'),
(100228, 10073, '2018-08-16', 1, 15000.00, 1050.00, 16050.00, '', '2018-08-16 09:10:29'),
(100229, 10059, '2018-08-23', 3, -8200.00, 0.00, 0.00, '', '2018-08-23 14:56:23'),
(100230, 10074, '2018-08-23', 1, 15000.00, 1050.00, 16050.00, '', '2018-08-23 15:00:10'),
(100231, 10060, '2018-08-23', 2, -1350.00, 0.00, 1350.00, '', '2018-08-23 15:04:20'),
(100232, 10073, '2018-08-23', 2, -2000.00, 0.00, 14050.00, '', '2018-08-23 15:09:39'),
(100233, 10070, '2018-08-24', 2, -2700.00, 0.00, 2650.00, '', '2018-08-24 04:00:46'),
(100234, 10066, '2018-08-24', 3, -5350.00, 0.00, 0.00, '', '2018-08-24 04:01:35'),
(100235, 10075, '2018-08-24', 1, 5000.00, 350.00, 5350.00, '', '2018-08-24 04:01:59'),
(100236, 10067, '2018-08-24', 2, -2650.00, 0.00, 2700.00, '', '2018-08-24 04:02:41'),
(100237, 10068, '2018-08-24', 3, -5350.00, 0.00, 0.00, '', '2018-08-24 04:03:12'),
(100238, 10076, '2018-08-24', 1, 5000.00, 350.00, 5350.00, '', '2018-08-24 04:03:39'),
(100239, 10069, '2018-08-24', 2, -3000.00, 0.00, 2350.00, '', '2018-08-24 08:42:16'),
(100240, 10072, '2018-08-24', 3, -10700.00, 0.00, 0.00, '', '2018-08-24 08:43:16'),
(100241, 10077, '2018-08-24', 1, 10000.00, 700.00, 10700.00, '', '2018-08-24 08:44:14'),
(100242, 10071, '2018-08-24', 2, -2800.00, 0.00, 2550.00, '', '2018-08-26 11:28:51'),
(100243, 10071, '2018-08-29', 3, -2550.00, 0.00, 0.00, '', '2018-08-29 03:44:46'),
(100244, 10078, '2018-08-29', 1, 10000.00, 700.00, 10700.00, '', '2018-08-29 03:45:16'),
(100245, 10074, '2018-09-06', 2, -4150.00, 0.00, 11900.00, '', '2018-09-06 13:01:34'),
(100246, 10060, '2018-09-06', 3, -1350.00, 0.00, 0.00, '', '2018-09-06 13:05:43'),
(100247, 10073, '2018-09-06', 2, -3300.00, 0.00, 10750.00, '', '2018-09-06 13:07:27'),
(100248, 10073, '2018-09-06', 4, 0.00, 750.00, 11500.00, '', '2018-09-06 13:07:56'),
(100249, 10078, '2018-09-07', 2, -1900.00, 0.00, 8800.00, '', '2018-09-07 14:02:05'),
(100250, 10077, '2018-09-10', 3, -10700.00, 0.00, 0.00, '', '2018-09-10 02:21:45'),
(100251, 10079, '2018-09-10', 1, 10000.00, 700.00, 10700.00, '', '2018-09-10 02:25:24'),
(100252, 10069, '2018-09-10', 3, -2350.00, 0.00, 0.00, '', '2018-09-10 02:29:25'),
(100253, 10080, '2018-09-10', 1, 5000.00, 350.00, 5350.00, '', '2018-09-10 02:29:50'),
(100254, 10075, '2018-09-10', 2, -2700.00, 0.00, 2650.00, '', '2018-09-10 03:13:38'),
(100255, 10067, '2018-09-10', 3, -2700.00, 0.00, 0.00, '', '2018-09-10 03:15:22'),
(100256, 10081, '2018-09-10', 1, 6000.00, 420.00, 6420.00, '', '2018-09-10 03:16:25'),
(100257, 10076, '2018-09-10', 3, -5350.00, 0.00, 0.00, '', '2018-09-10 03:18:14'),
(100258, 10082, '2018-09-10', 1, 7000.00, 490.00, 7490.00, '', '2018-09-10 03:18:37'),
(100259, 10083, '2018-09-10', 1, 5000.00, 350.00, 5350.00, '', '2018-09-10 06:19:38'),
(100260, 10070, '2018-09-10', 3, -2650.00, 0.00, 0.00, '', '2018-09-10 08:03:40'),
(100261, 10084, '2018-09-11', 1, 5000.00, 350.00, 5350.00, '', '2018-09-11 01:55:56'),
(100262, 10085, '2018-09-11', 1, 5000.00, 350.00, 5350.00, '', '2018-09-11 03:04:00'),
(100263, 10086, '2018-09-11', 1, 3000.00, 210.00, 3210.00, '', '2018-09-11 07:54:38'),
(100264, 10087, '2018-09-11', 1, 6000.00, 420.00, 6420.00, '', '2018-09-11 08:01:51'),
(100265, 10078, '2018-09-11', 3, -8800.00, 0.00, 0.00, '', '2018-09-11 12:19:01'),
(100266, 10088, '2018-09-11', 1, 15000.00, 1050.00, 16050.00, '', '2018-09-11 12:19:27'),
(100267, 10083, '2018-09-19', 3, -5350.00, 0.00, 0.00, '', '2018-09-19 08:08:27'),
(100268, 10074, '2018-09-20', 2, -8300.00, 0.00, 3600.00, '', '2018-09-20 12:59:17'),
(100269, 10073, '2018-09-20', 2, -4000.00, 0.00, 7500.00, '', '2018-09-20 13:08:21'),
(100270, 10088, '2018-09-21', 2, -2000.00, 0.00, 14050.00, '', '2018-09-21 04:43:01'),
(100271, 10074, '2018-09-21', 4, 0.00, 250.00, 3850.00, '', '2018-09-21 04:43:39'),
(100272, 10089, '2018-09-21', 1, 5000.00, 350.00, 5350.00, 'To be paid in just 5 days', '2018-09-21 07:13:21'),
(100273, 10090, '2018-09-22', 1, 5000.00, 350.00, 5350.00, '', '2018-09-23 05:42:28'),
(100274, 10080, '2018-09-25', 2, -3000.00, 0.00, 2350.00, '', '2018-09-25 05:13:06'),
(100275, 10079, '2018-09-25', 3, -10700.00, 0.00, 0.00, '', '2018-09-25 05:13:48'),
(100276, 10091, '2018-09-25', 1, 10000.00, 700.00, 10700.00, '', '2018-09-25 05:15:31'),
(100277, 10084, '2018-09-25', 3, -5350.00, 0.00, 0.00, '', '2018-09-25 05:16:06'),
(100278, 10092, '2018-09-25', 1, 10000.00, 700.00, 10700.00, '', '2018-09-25 05:16:31'),
(100279, 10075, '2018-09-25', 3, -2650.00, 0.00, 0.00, '', '2018-09-25 05:18:05'),
(100280, 10081, '2018-09-25', 2, -3210.00, 0.00, 3210.00, '', '2018-09-25 05:18:42'),
(100281, 10086, '2018-09-25', 3, -3210.00, 0.00, 0.00, '', '2018-09-25 05:19:46'),
(100282, 10082, '2018-09-25', 3, -7490.00, 0.00, 0.00, '', '2018-09-25 05:20:15'),
(100283, 10093, '2018-09-25', 1, 10000.00, 700.00, 10700.00, '', '2018-09-25 05:20:43'),
(100284, 10087, '2018-09-25', 3, -6420.00, 0.00, 0.00, '', '2018-09-25 05:21:18'),
(100285, 10085, '2018-09-25', 2, -2700.00, 0.00, 2650.00, '', '2018-09-25 05:22:42'),
(100286, 10094, '2018-09-26', 1, 7000.00, 490.00, 7490.00, '', '2018-09-26 04:41:23'),
(100287, 10095, '2018-09-28', 1, 1000.00, 70.00, 1070.00, '', '2018-09-28 01:32:55'),
(100288, 10096, '2018-10-01', 1, 2000.00, 140.00, 2140.00, 'Add loan for expected incentives', '2018-10-01 01:28:19'),
(100289, 10090, '2018-10-04', 2, -2280.00, 0.00, 3070.00, '', '2018-10-04 13:30:49'),
(100290, 10073, '2018-10-04', 2, -4100.00, 0.00, 3400.00, '', '2018-10-04 13:34:23'),
(100291, 10074, '2018-10-05', 3, -3850.00, 0.00, 0.00, '', '2018-10-05 01:29:55'),
(100292, 10097, '2018-10-05', 1, 15000.00, 1050.00, 16050.00, '', '2018-10-05 01:30:20'),
(100293, 10097, '2018-10-05', 2, -2150.00, 0.00, 13900.00, '', '2018-10-05 01:36:05'),
(100294, 10089, '2018-10-05', 3, -5350.00, 0.00, 0.00, '', '2018-10-05 03:18:38'),
(100295, 10098, '2018-10-08', 1, 5000.00, 350.00, 5350.00, '', '2018-10-08 06:54:57'),
(100296, 10081, '2018-10-10', 3, -3210.00, 0.00, 0.00, '', '2018-10-10 01:58:06'),
(100297, 10093, '2018-10-10', 3, -10700.00, 0.00, 0.00, '', '2018-10-10 01:59:04'),
(100298, 10099, '2018-10-10', 1, 10000.00, 700.00, 10700.00, '', '2018-10-10 01:59:33'),
(100299, 10085, '2018-10-10', 3, -2650.00, 0.00, 0.00, '', '2018-10-10 02:01:49'),
(100300, 10100, '2018-10-10', 1, 7000.00, 490.00, 7490.00, '', '2018-10-10 02:02:05'),
(100301, 10092, '2018-10-10', 3, -10700.00, 0.00, 0.00, '', '2018-10-10 03:01:22'),
(100302, 10101, '2018-10-10', 1, 15000.00, 1050.00, 16050.00, '', '2018-10-10 03:01:47'),
(100303, 10101, '2018-10-10', 2, -700.00, 0.00, 15350.00, 'Initial payment to get 10,000 on 10-18-18', '2018-10-10 03:02:34'),
(100304, 10091, '2018-10-11', 2, -5000.00, 0.00, 5700.00, '', '2018-10-10 17:54:52'),
(100305, 10080, '2018-10-11', 3, -2350.00, 0.00, 0.00, '', '2018-10-10 17:56:51'),
(100306, 10102, '2018-10-11', 1, 5000.00, 350.00, 5350.00, '', '2018-10-10 17:57:06'),
(100307, 10088, '2018-10-11', 2, -3000.00, 0.00, 11050.00, '', '2018-10-11 06:24:39'),
(100308, 10088, '2018-10-11', 4, 0.00, 770.00, 11820.00, '', '2018-10-11 06:25:11'),
(100309, 10094, '2018-10-12', 3, -7490.00, 0.00, 0.00, '', '2018-10-12 02:48:18'),
(100310, 10103, '2018-10-12', 1, 15000.00, 1050.00, 16050.00, '', '2018-10-12 02:49:10'),
(100311, 10104, '2018-10-12', 1, 5000.00, 350.00, 5350.00, '', '2018-10-12 07:39:02');

-- --------------------------------------------------------

--
-- Table structure for table `users`
--

CREATE TABLE `users` (
  `user_id` int(11) NOT NULL,
  `username` varchar(45) NOT NULL,
  `password` varchar(45) NOT NULL,
  `lastname` varchar(45) NOT NULL,
  `firstname` varchar(45) NOT NULL,
  `middlename` varchar(45) NOT NULL,
  `contact` varchar(45) NOT NULL,
  `email` varchar(45) NOT NULL,
  `address` varchar(250) NOT NULL,
  `date_registered` varchar(20) NOT NULL,
  `administrator` int(1) NOT NULL DEFAULT '0',
  `cashier` int(1) NOT NULL DEFAULT '0',
  `inventory` int(1) NOT NULL DEFAULT '0',
  `supplier` int(1) NOT NULL DEFAULT '0',
  `customer` int(1) NOT NULL DEFAULT '0',
  `user` int(1) NOT NULL DEFAULT '0',
  `report` int(1) NOT NULL DEFAULT '0',
  `removed` int(1) NOT NULL DEFAULT '0'
) ENGINE=InnoDB DEFAULT CHARSET=latin1;

--
-- Dumping data for table `users`
--

INSERT INTO `users` (`user_id`, `username`, `password`, `lastname`, `firstname`, `middlename`, `contact`, `email`, `address`, `date_registered`, `administrator`, `cashier`, `inventory`, `supplier`, `customer`, `user`, `report`, `removed`) VALUES
(101, 'super_admin', 'alphabravocharliedelta', 'n/a', 'n/a', 'n/a', 'n/a', 'n/a', 'n/a', '2017-10-10 19:34:33', 1, 0, 0, 0, 0, 0, 0, 0),
(102, 'nelda', 'kallay1975', 'NELDA', 'PAGSAC', 'BAGUIOHANON', '2969754', 'celinemariepagsac@gmail.com', 'Bl. 27, Lot 4, Gallera de Oro, Bago, Davao City', '2017-10-10 19:38:54', 1, 0, 0, 0, 0, 0, 0, 1),
(103, 'jiktorres', 'jiktorres', 'Torres', 'Jiki', 'Zyrus', '09228031290', 'jiki@gmail.com', 'Sasa, Davao City', '2017-10-10 19:40:32', 0, 0, 0, 0, 0, 0, 0, 1),
(104, 'ladysheen', 'ladysheen', 'GIlbang', 'Lady Sheen', 'Acolentaba', '09888787878', 'lsg@gmail.com', 'Catalunan Grande, Davao City', '2017-10-10 19:41:30', 0, 0, 0, 0, 0, 0, 0, 1),
(105, 'ivyybi', 'ivyybi', 'Ybiernas', 'Ivy', 'Villegas', '0909898897', 'ybi@gmail.com', 'Mawab, Compostela Valley', '2017-10-10 19:52:08', 0, 0, 0, 0, 0, 0, 0, 1),
(106, 'a', 'a', 'a', 'a', 'a', 'a', 'a', 'a', '2018-02-04 02:31:33', 0, 0, 0, 0, 0, 0, 0, 1),
(107, 'srmafel_inting', 'fsilgc', 'Inting', 'Ma. Felina ', 'Saban', '09232838367', 'srmafel_inting@yahoo.com', 'JS Francisco Village, Talomo , Davao City', '2018-02-06 16:19:07', 1, 0, 0, 0, 0, 0, 0, 1),
(108, 'um_developer', 'jiktorres', 'TORRES', 'JIK', 'ABAS', '+639228031290', 'jikiboi03@gmail.com', 'Sasa, Davao City', '2018-02-07 14:06:29', 1, 0, 0, 0, 0, 0, 0, 0),
(109, 'xanderford', 'xanderford', 'Ford', 'Xander', 'Marlou', '09989898988', 'xander@gmail.com', 'Brgy Barrio Patay, Davao City', '2018-03-12 23:23:04', 0, 0, 0, 0, 0, 0, 0, 0);

--
-- Indexes for dumped tables
--

--
-- Indexes for table `atm_banks`
--
ALTER TABLE `atm_banks`
  ADD PRIMARY KEY (`atm_id`);

--
-- Indexes for table `capital`
--
ALTER TABLE `capital`
  ADD PRIMARY KEY (`capital_id`);

--
-- Indexes for table `clients`
--
ALTER TABLE `clients`
  ADD PRIMARY KEY (`client_id`);

--
-- Indexes for table `companies`
--
ALTER TABLE `companies`
  ADD PRIMARY KEY (`comp_id`);

--
-- Indexes for table `loans`
--
ALTER TABLE `loans`
  ADD PRIMARY KEY (`loan_id`);

--
-- Indexes for table `logs`
--
ALTER TABLE `logs`
  ADD PRIMARY KEY (`log_id`);

--
-- Indexes for table `schedules`
--
ALTER TABLE `schedules`
  ADD PRIMARY KEY (`sched_id`);

--
-- Indexes for table `transactions`
--
ALTER TABLE `transactions`
  ADD PRIMARY KEY (`trans_id`);

--
-- Indexes for table `users`
--
ALTER TABLE `users`
  ADD PRIMARY KEY (`user_id`);

--
-- AUTO_INCREMENT for dumped tables
--

--
-- AUTO_INCREMENT for table `atm_banks`
--
ALTER TABLE `atm_banks`
  MODIFY `atm_id` int(11) NOT NULL AUTO_INCREMENT, AUTO_INCREMENT=107;

--
-- AUTO_INCREMENT for table `capital`
--
ALTER TABLE `capital`
  MODIFY `capital_id` int(11) NOT NULL AUTO_INCREMENT, AUTO_INCREMENT=10008;

--
-- AUTO_INCREMENT for table `clients`
--
ALTER TABLE `clients`
  MODIFY `client_id` int(11) NOT NULL AUTO_INCREMENT, AUTO_INCREMENT=10029;

--
-- AUTO_INCREMENT for table `companies`
--
ALTER TABLE `companies`
  MODIFY `comp_id` int(11) NOT NULL AUTO_INCREMENT, AUTO_INCREMENT=108;

--
-- AUTO_INCREMENT for table `loans`
--
ALTER TABLE `loans`
  MODIFY `loan_id` int(11) NOT NULL AUTO_INCREMENT, AUTO_INCREMENT=10105;

--
-- AUTO_INCREMENT for table `logs`
--
ALTER TABLE `logs`
  MODIFY `log_id` int(11) NOT NULL AUTO_INCREMENT, AUTO_INCREMENT=1000798;

--
-- AUTO_INCREMENT for table `schedules`
--
ALTER TABLE `schedules`
  MODIFY `sched_id` int(11) NOT NULL AUTO_INCREMENT, AUTO_INCREMENT=34;

--
-- AUTO_INCREMENT for table `transactions`
--
ALTER TABLE `transactions`
  MODIFY `trans_id` int(11) NOT NULL AUTO_INCREMENT, AUTO_INCREMENT=100312;

--
-- AUTO_INCREMENT for table `users`
--
ALTER TABLE `users`
  MODIFY `user_id` int(11) NOT NULL AUTO_INCREMENT, AUTO_INCREMENT=110;
COMMIT;

/*!40101 SET CHARACTER_SET_CLIENT=@OLD_CHARACTER_SET_CLIENT */;
/*!40101 SET CHARACTER_SET_RESULTS=@OLD_CHARACTER_SET_RESULTS */;
/*!40101 SET COLLATION_CONNECTION=@OLD_COLLATION_CONNECTION */;
